procedure,predictor,window_months,horizon,benchmark,window_type,R2_oos_raw,cw_stat,cw_p_raw,beta_avg,cw_q_h,cw_q_global_bench,significant
Expanding,iv_100,48,12m,expanding,expanding,-2.568,-0.2548369719859206,0.6005754908757232,0.205646,0.7630701064910158,0.9955887395331636,0
Expanding,iv_100,60,12m,expanding,expanding,1.199,0.5557589092141852,0.28918783963269756,0.212648,0.6538043588823211,0.9955887395331636,0
Expanding,iv_100,72,12m,expanding,expanding,0.564,0.38164022232897904,0.351364122648823,0.207425,0.6538043588823211,0.9955887395331636,0
Expanding,iv_100,120,12m,expanding,expanding,3.456,0.8857546072622391,0.18787488762486432,0.190088,0.6538043588823211,0.9955887395331636,0
Expanding,iv_100,48,1m,expanding,expanding,-6.52,-1.0985310561090362,0.8640136678606227,-0.031734,0.9992938016691973,0.9955887395331636,0
Expanding,iv_100,60,1m,expanding,expanding,-2.051,-1.2526133124963312,0.8948267661616377,-0.02643,0.9992938016691973,0.9955887395331636,0
Expanding,iv_100,72,1m,expanding,expanding,-1.9,-1.04589461913117,0.8521951555193557,-0.023627,0.9992938016691973,0.9955887395331636,0
Expanding,iv_100,120,1m,expanding,expanding,-1.758,-1.0084937243150602,0.843391250510027,-0.015402,0.9992938016691973,0.9955887395331636,0
Expanding,iv_100,48,3m,expanding,expanding,-18.122,-1.3501540166687966,0.9115167077004658,-0.042578,0.9826253444871588,0.9955887395331636,0
Expanding,iv_100,60,3m,expanding,expanding,-2.044,-1.3943453814053788,0.9183933334880537,-0.029535,0.9826253444871588,0.9955887395331636,0
Expanding,iv_100,72,3m,expanding,expanding,-1.365,-0.8264598343353224,0.795728353204365,-0.023055,0.9826253444871588,0.9955887395331636,0
Expanding,iv_100,120,3m,expanding,expanding,-1.111,-0.6902703594923738,0.7549879079791424,-0.008115,0.9826253444871588,0.9955887395331636,0
Expanding,iv_100,48,6m,expanding,expanding,-9.577,-0.8093569890098201,0.7908450826531181,0.107881,0.8965071430543204,0.9955887395331636,0
Expanding,iv_100,60,6m,expanding,expanding,1.826,0.839460066660532,0.20060559455405927,0.121904,0.6958960563627625,0.9955887395331636,0
Expanding,iv_100,72,6m,expanding,expanding,1.719,0.728389496198613,0.23318759564714758,0.125484,0.6958960563627625,0.9955887395331636,0
Expanding,iv_100,120,6m,expanding,expanding,2.854,0.9316544169619058,0.17575757539393458,0.121185,0.6958960563627625,0.9955887395331636,0
Expanding,iv_110,48,12m,expanding,expanding,6.311,1.3092598417243384,0.09522317387348125,0.610155,0.5376726841878028,0.9955887395331636,0
Expanding,iv_110,60,12m,expanding,expanding,2.867,0.7799401772373448,0.217713044136441,0.617961,0.6538043588823211,0.9955887395331636,0
Expanding,iv_110,72,12m,expanding,expanding,2.073,0.625675388628268,0.2657639396508635,0.612452,0.6538043588823211,0.9955887395331636,0
Expanding,iv_110,120,12m,expanding,expanding,7.304,1.1083033424488324,0.13386541622695292,0.595065,0.642553997889374,0.9955887395331636,0
Expanding,iv_110,48,1m,expanding,expanding,-6.437,-0.9914403245097849,0.8392646909360515,-0.039197,0.9992938016691973,0.9955887395331636,0
Expanding,iv_110,60,1m,expanding,expanding,-1.348,-1.2803384432228668,0.8997869335262955,-0.033663,0.9992938016691973,0.9955887395331636,0
Expanding,iv_110,72,1m,expanding,expanding,-1.248,-1.067401480923492,0.8571047099895527,-0.031424,0.9992938016691973,0.9955887395331636,0
Expanding,iv_110,120,1m,expanding,expanding,-1.183,-1.0211544914280193,0.8464093752443433,-0.025405,0.9992938016691973,0.9955887395331636,0
Expanding,iv_110,48,3m,expanding,expanding,-18.162,-1.287838947779333,0.90109898430274,-0.049642,0.9826253444871588,0.9955887395331636,0
Expanding,iv_110,60,3m,expanding,expanding,-1.204,-1.425027185934807,0.9229253286223523,-0.036534,0.9826253444871588,0.9955887395331636,0
Expanding,iv_110,72,3m,expanding,expanding,-0.874,-0.9400364148687496,0.8264005588700566,-0.032018,0.9826253444871588,0.9955887395331636,0
Expanding,iv_110,120,3m,expanding,expanding,-1.023,-1.0864645384157814,0.8613632391441977,-0.020431,0.9826253444871588,0.9955887395331636,0
Expanding,iv_110,48,6m,expanding,expanding,-4.837,-0.42239757917750176,0.6636325777086587,0.251192,0.8449110364940271,0.9955887395331636,0
Expanding,iv_110,60,6m,expanding,expanding,3.189,1.1378439299545295,0.12759282881112993,0.266415,0.6958960563627625,0.9955887395331636,0
Expanding,iv_110,72,6m,expanding,expanding,2.888,0.9505913808536424,0.1709059228525364,0.269825,0.6958960563627625,0.9955887395331636,0
Expanding,iv_110,120,6m,expanding,expanding,4.475,1.185299281883652,0.11794956866678856,0.2691,0.6958960563627625,0.9955887395331636,0
Expanding,iv_120,48,12m,expanding,expanding,14.081,1.8677118115574824,0.030901125686026473,0.757225,0.24720900548821179,0.5393651028833711,0
Expanding,iv_120,60,12m,expanding,expanding,10.989,1.43544147689993,0.0755806669287928,0.768684,0.48371626834427395,0.9674325366885479,0
Expanding,iv_120,72,12m,expanding,expanding,10.333,1.2800760710639463,0.10025919170457977,0.764241,0.5376726841878028,0.9955887395331636,0
Expanding,iv_120,120,12m,expanding,expanding,19.764,1.7517840211899194,0.03990547640328209,0.753276,0.29468659497808314,0.6275758943625354,0
Expanding,iv_120,48,1m,expanding,expanding,-6.59,-0.9976560251108558,0.840776908046982,-0.029266,0.9992938016691973,0.9955887395331636,0
Expanding,iv_120,60,1m,expanding,expanding,-1.158,-1.239490760871845,0.8924180958890697,-0.02241,0.9992938016691973,0.9955887395331636,0
Expanding,iv_120,72,1m,expanding,expanding,-1.02,-0.97842982285169,0.8360691078926404,-0.019433,0.9992938016691973,0.9955887395331636,0
Expanding,iv_120,120,1m,expanding,expanding,-1.025,-0.9799447062365001,0.8364432932769552,-0.008807,0.9992938016691973,0.9955887395331636,0
Expanding,iv_120,48,3m,expanding,expanding,-16.954,-1.1997720096757905,0.8848860511802638,-0.010603,0.9826253444871588,0.9955887395331636,0
Expanding,iv_120,60,3m,expanding,expanding,0.041,0.2516366280793697,0.40066097214829643,0.005861,0.9826253444871588,0.9955887395331636,0
Expanding,iv_120,72,3m,expanding,expanding,0.523,0.6575459728060774,0.2554149603906719,0.012108,0.9826253444871588,0.9955887395331636,0
Expanding,iv_120,120,3m,expanding,expanding,0.703,0.6879001691445437,0.2457578250300077,0.032869,0.9826253444871588,0.9955887395331636,0
Expanding,iv_120,48,6m,expanding,expanding,-1.124,0.2509834062525501,0.4009134692735535,0.313842,0.801826938547107,0.9955887395331636,0
Expanding,iv_120,60,6m,expanding,expanding,7.454,1.6354405839385708,0.05097836029663589,0.332349,0.3495658991769318,0.725025568663266,0
Expanding,iv_120,72,6m,expanding,expanding,7.518,1.474824601397175,0.07012985266717744,0.337544,0.44883105706993565,0.9286159801446944,0
Expanding,iv_120,120,6m,expanding,expanding,10.918,1.67091213243059,0.047369517374804576,0.345739,0.3495658991769318,0.6996113335355754,0
Expanding,iv_80,48,12m,expanding,expanding,-0.6,0.1823674819261108,0.42764717175857725,0.179106,0.6794144357236174,0.9955887395331636,0
Expanding,iv_80,60,12m,expanding,expanding,1.362,0.4390989043502145,0.33029493648180236,0.182004,0.6538043588823211,0.9955887395331636,0
Expanding,iv_80,72,12m,expanding,expanding,0.878,0.3467473925961132,0.3643905511865213,0.174173,0.6538043588823211,0.9955887395331636,0
Expanding,iv_80,120,12m,expanding,expanding,5.663,0.8056707691029389,0.21021635413932185,0.163716,0.6538043588823211,0.9955887395331636,0
Expanding,iv_80,48,1m,expanding,expanding,-4.044,-1.0323235933440025,0.8490397239531507,-0.009844,0.9992938016691973,0.9955887395331636,0
Expanding,iv_80,60,1m,expanding,expanding,-1.092,-0.9028296048052931,0.8166918318607156,-0.006473,0.9992938016691973,0.9955887395331636,0
Expanding,iv_80,72,1m,expanding,expanding,-1.151,-0.8553735103167692,0.8038277982046211,-0.005091,0.9992938016691973,0.9955887395331636,0
Expanding,iv_80,120,1m,expanding,expanding,-1.227,-0.8075312026130003,0.790319747436737,2.02e-4,0.9992938016691973,0.9955887395331636,0
Expanding,iv_80,48,3m,expanding,expanding,-10.405,-1.1307378651018318,0.8709172804707076,0.005893,0.9826253444871588,0.9955887395331636,0
Expanding,iv_80,60,3m,expanding,expanding,0.365,0.4845320112840319,0.3140041758803621,0.013976,0.9826253444871588,0.9955887395331636,0
Expanding,iv_80,72,3m,expanding,expanding,0.548,0.5722869567146154,0.28356379237524076,0.016659,0.9826253444871588,0.9955887395331636,0
Expanding,iv_80,120,3m,expanding,expanding,0.747,0.5952469622151206,0.2758392014505336,0.025559,0.9826253444871588,0.9955887395331636,0
Expanding,iv_80,48,6m,expanding,expanding,-3.439,-0.1852908705159987,0.573499550839774,0.141374,0.8449110364940271,0.9955887395331636,0
Expanding,iv_80,60,6m,expanding,expanding,2.569,0.7498149372924456,0.22668308555280087,0.149418,0.6958960563627625,0.9955887395331636,0
Expanding,iv_80,72,6m,expanding,expanding,2.418,0.6628537772441333,0.2537121038822572,0.148776,0.6958960563627625,0.9955887395331636,0
Expanding,iv_80,120,6m,expanding,expanding,5.232,0.8897276539396327,0.18680607066121677,0.143518,0.6958960563627625,0.9955887395331636,0
Expanding,iv_90,48,12m,expanding,expanding,-1.241,0.08795000953711499,0.4649582043535655,0.262449,0.6794144357236174,0.9955887395331636,0
Expanding,iv_90,60,12m,expanding,expanding,2.63,0.6587420040241841,0.2550307275539242,0.27466,0.6538043588823211,0.9955887395331636,0
Expanding,iv_90,72,12m,expanding,expanding,1.581,0.46869441265319,0.31964404063802426,0.273915,0.6538043588823211,0.9955887395331636,0
Expanding,iv_90,120,12m,expanding,expanding,4.369,0.6951783180952064,0.24347177919086083,0.265391,0.6538043588823211,0.9955887395331636,0
Expanding,iv_90,48,1m,expanding,expanding,-5.887,-1.1281833110499808,0.8703787447221889,-0.028854,0.9992938016691973,0.9955887395331636,0
Expanding,iv_90,60,1m,expanding,expanding,-2.108,-1.1497372236984595,0.8748739410149956,-0.023999,0.9992938016691973,0.9955887395331636,0
Expanding,iv_90,72,1m,expanding,expanding,-1.991,-0.9892195748742788,0.8387221384388701,-0.021398,0.9992938016691973,0.9955887395331636,0
Expanding,iv_90,120,1m,expanding,expanding,-1.9,-0.9120392319355163,0.8191259671962201,-0.01391,0.9992938016691973,0.9955887395331636,0
Expanding,iv_90,48,3m,expanding,expanding,-15.391,-1.3410999614514976,0.9100560000845971,-0.025024,0.9826253444871588,0.9955887395331636,0
Expanding,iv_90,60,3m,expanding,expanding,-1.417,-1.095755847113471,0.8634071822562494,-0.012754,0.9826253444871588,0.9955887395331636,0
Expanding,iv_90,72,3m,expanding,expanding,-0.771,-0.5013260976163202,0.69192917938227,-0.006549,0.9826253444871588,0.9955887395331636,0
Expanding,iv_90,120,3m,expanding,expanding,-0.462,-0.2182608292506113,0.5863870537842419,0.008142,0.9826253444871588,0.9955887395331636,0
Expanding,iv_90,48,6m,expanding,expanding,-7.088,-0.606923865151621,0.7280492802909466,0.14176,0.8868656490500613,0.9955887395331636,0
Expanding,iv_90,60,6m,expanding,expanding,2.676,0.8506090415881608,0.19749328259225246,0.156259,0.6958960563627625,0.9955887395331636,0
Expanding,iv_90,72,6m,expanding,expanding,2.402,0.7152871231747094,0.23721582184183274,0.161011,0.6958960563627625,0.9955887395331636,0
Expanding,iv_90,120,6m,expanding,expanding,3.645,0.8057231098449895,0.21020126066083678,0.161833,0.6958960563627625,0.9955887395331636,0
Expanding,iv_skew_80_100,48,12m,expanding,expanding,-0.11,0.19062954817867453,0.4244079192974142,0.101434,0.6794144357236174,0.9955887395331636,0
Expanding,iv_skew_80_100,60,12m,expanding,expanding,-1.24,-0.243087455912535,0.5960311757279516,0.086985,0.7630701064910158,0.9955887395331636,0
Expanding,iv_skew_80_100,72,12m,expanding,expanding,-1.131,-0.16445258515277555,0.5653125649755243,0.061377,0.7505208650141028,0.9955887395331636,0
Expanding,iv_skew_80_100,120,12m,expanding,expanding,-0.38,0.09476311665938733,0.46225149181553177,0.042518,0.6794144357236174,0.9955887395331636,0
Expanding,iv_skew_80_100,48,1m,expanding,expanding,-0.627,-0.5374426618359104,0.7045190593537279,0.04785,0.9992938016691973,0.9955887395331636,0
Expanding,iv_skew_80_100,60,1m,expanding,expanding,-1.15,-1.4195948819567774,0.9221371718543359,0.044469,0.9992938016691973,0.9955887395331636,0
Expanding,iv_skew_80_100,72,1m,expanding,expanding,-0.878,-0.8713664643485156,0.8082229547005308,0.039749,0.9992938016691973,0.9955887395331636,0
Expanding,iv_skew_80_100,120,1m,expanding,expanding,-0.416,-0.2306945890774625,0.5912239612766749,0.027415,0.9992938016691973,0.9955887395331636,0
Expanding,iv_skew_80_100,48,3m,expanding,expanding,-0.422,0.220553759368606,0.412719954517796,0.134637,0.9826253444871588,0.9955887395331636,0
Expanding,iv_skew_80_100,60,3m,expanding,expanding,-2.641,-1.0117577242711635,0.8441730460034849,0.12489,0.9826253444871588,0.9955887395331636,0
Expanding,iv_skew_80_100,72,3m,expanding,expanding,-1.801,-0.43953701255316024,0.6698637653618351,0.110594,0.9826253444871588,0.9955887395331636,0
Expanding,iv_skew_80_100,120,3m,expanding,expanding,-0.225,0.3190563284972756,0.37484189954044467,0.074873,0.9826253444871588,0.9955887395331636,0
Expanding,iv_skew_80_100,48,6m,expanding,expanding,-0.255,0.3110647999305362,0.3778756800715229,0.228221,0.7984416530860847,0.9955887395331636,0
Expanding,iv_skew_80_100,60,6m,expanding,expanding,-3.551,-0.6245306454111942,0.7338604245071019,0.212177,0.8868656490500613,0.9955887395331636,0
Expanding,iv_skew_80_100,72,6m,expanding,expanding,-2.671,-0.27168728695518307,0.6070687613632741,0.187943,0.8449110364940271,0.9955887395331636,0
Expanding,iv_skew_80_100,120,6m,expanding,expanding,0.379,0.4566240231122703,0.32397065454198887,0.126994,0.7720990516724472,0.9955887395331636,0
Expanding,iv_skew_80_110,48,12m,expanding,expanding,-5.113,-0.48683876754971006,0.6868137025859113,-0.28159,0.7985107001872755,0.9955887395331636,0
Expanding,iv_skew_80_110,60,12m,expanding,expanding,-1.773,0.2909017220720964,0.3855632421110864,-0.269243,0.6609655579047194,0.9955887395331636,0
Expanding,iv_skew_80_110,72,12m,expanding,expanding,-1.669,0.3423626661489699,0.3660389904128233,-0.268573,0.6538043588823211,0.9955887395331636,0
Expanding,iv_skew_80_110,120,12m,expanding,expanding,-8.675,-1.6030277559899169,0.9455357368465825,-0.198115,0.9554887446028624,0.9955887395331636,0
Expanding,iv_skew_80_110,48,1m,expanding,expanding,-0.726,-0.9102973299650801,0.8186671368576848,0.021717,0.9992938016691973,0.9955887395331636,0
Expanding,iv_skew_80_110,60,1m,expanding,expanding,-0.742,-0.8075956223516471,0.7903382961833925,0.02273,0.9992938016691973,0.9955887395331636,0
Expanding,iv_skew_80_110,72,1m,expanding,expanding,-0.728,-0.6804010877085936,0.7518747337520628,0.022169,0.9992938016691973,0.9955887395331636,0
Expanding,iv_skew_80_110,120,1m,expanding,expanding,-0.648,-0.44745999855118,0.6727285181460044,0.025117,0.9992938016691973,0.9955887395331636,0
Expanding,iv_skew_80_110,48,3m,expanding,expanding,0.218,0.525001037118183,0.29979123498387056,0.083639,0.9826253444871588,0.9955887395331636,0
Expanding,iv_skew_80_110,60,3m,expanding,expanding,0.599,0.6807490942664894,0.2480151329357498,0.086588,0.9826253444871588,0.9955887395331636,0
Expanding,iv_skew_80_110,72,3m,expanding,expanding,0.845,0.7413742792168792,0.22923326764463114,0.08464,0.9826253444871588,0.9955887395331636,0
Expanding,iv_skew_80_110,120,3m,expanding,expanding,1.558,0.8733752654958732,0.1912292841448833,0.081653,0.9826253444871588,0.9955887395331636,0
Expanding,iv_skew_80_110,48,6m,expanding,expanding,-0.642,0.0705248776234186,0.47188795018230356,0.100366,0.8449110364940271,0.9955887395331636,0
Expanding,iv_skew_80_110,60,6m,expanding,expanding,0.013,0.2769643868430557,0.39090372599006235,0.104655,0.7984416530860847,0.9955887395331636,0
Expanding,iv_skew_80_110,72,6m,expanding,expanding,0.041,0.27771428733895903,0.39061584607925404,0.098308,0.7984416530860847,0.9955887395331636,0
Expanding,iv_skew_80_110,120,6m,expanding,expanding,1.04,0.4040762936538033,0.3430783084890344,0.08586,0.7841789908320786,0.9955887395331636,0
Expanding,iv_skew_80_120,48,12m,expanding,expanding,-5.459,-0.49692503812782635,0.6903790428702486,-0.372181,0.7985107001872755,0.9955887395331636,0
Expanding,iv_skew_80_120,60,12m,expanding,expanding,-1.108,0.31975926700807233,0.3745754139429965,-0.367023,0.6538043588823211,0.9955887395331636,0
Expanding,iv_skew_80_120,72,12m,expanding,expanding,-1.096,0.33465788636304095,0.3689415865634561,-0.370553,0.6538043588823211,0.9955887395331636,0
Expanding,iv_skew_80_120,120,12m,expanding,expanding,-7.965,-1.052995151426205,0.8538283928677277,-0.334475,0.900742040827493,0.9955887395331636,0
Expanding,iv_skew_80_120,48,1m,expanding,expanding,-1.09,-1.5427933449448807,0.9385595376407075,0.007001,0.9992938016691973,0.9955887395331636,0
Expanding,iv_skew_80_120,60,1m,expanding,expanding,-0.946,-1.305533641569301,0.9041444002482081,0.008196,0.9992938016691973,0.9955887395331636,0
Expanding,iv_skew_80_120,72,1m,expanding,expanding,-0.985,-1.209133124787927,0.8866941475065762,0.007993,0.9992938016691973,0.9955887395331636,0
Expanding,iv_skew_80_120,120,1m,expanding,expanding,-1.009,-1.013621938234895,0.8446184073197591,0.009933,0.9992938016691973,0.9955887395331636,0
Expanding,iv_skew_80_120,48,3m,expanding,expanding,-1.393,-0.9013101613991248,0.8162882837240091,0.035946,0.9826253444871588,0.9955887395331636,0
Expanding,iv_skew_80_120,60,3m,expanding,expanding,-0.26,-0.032252071987698847,0.5128644848431935,0.0391,0.9826253444871588,0.9955887395331636,0
Expanding,iv_skew_80_120,72,3m,expanding,expanding,-0.188,0.06335530433243293,0.47474178884281093,0.038336,0.9826253444871588,0.9955887395331636,0
Expanding,iv_skew_80_120,120,3m,expanding,expanding,-0.023,0.17548273930892486,0.4303501661863369,0.037837,0.9826253444871588,0.9955887395331636,0
Expanding,iv_skew_80_120,48,6m,expanding,expanding,-2.168,-0.8196156178008756,0.7937823662460128,0.063327,0.8965071430543204,0.9955887395331636,0
Expanding,iv_skew_80_120,60,6m,expanding,expanding,-1.105,-0.28677230232855666,0.6128566639426565,0.066472,0.8449110364940271,0.9955887395331636,0
Expanding,iv_skew_80_120,72,6m,expanding,expanding,-1.142,-0.24261107317110747,0.5958466488403693,0.059726,0.8449110364940271,0.9955887395331636,0
Expanding,iv_skew_80_120,120,6m,expanding,expanding,-0.781,-0.14393946052232998,0.5572258624321129,0.040371,0.8449110364940271,0.9955887395331636,0
Expanding,iv_skew_90_100,48,12m,expanding,expanding,0.045,0.5717340987873828,0.28375106482217527,0.896852,0.6538043588823211,0.9955887395331636,0
Expanding,iv_skew_90_100,60,12m,expanding,expanding,0.224,0.5987307337110443,0.27467622948357673,0.975432,0.6538043588823211,0.9955887395331636,0
Expanding,iv_skew_90_100,72,12m,expanding,expanding,-0.502,0.48235927182789784,0.314775374184598,1.008708,0.6538043588823211,0.9955887395331636,0
Expanding,iv_skew_90_100,120,12m,expanding,expanding,-2.946,0.12190615143967677,0.45148667191140085,0.947447,0.6794144357236174,0.9955887395331636,0
Expanding,iv_skew_90_100,48,1m,expanding,expanding,-0.614,-2.329926309872754,0.9900949769025691,0.015626,0.9992938016691973,0.9992938016691973,0
Expanding,iv_skew_90_100,60,1m,expanding,expanding,-0.628,-2.0824001114292563,0.9813470308580304,0.017312,0.9992938016691973,0.9955887395331636,0
Expanding,iv_skew_90_100,72,1m,expanding,expanding,-0.558,-1.7264141081989157,0.9578635302755899,0.019433,0.9992938016691973,0.9955887395331636,0
Expanding,iv_skew_90_100,120,1m,expanding,expanding,-0.553,-1.4217747644509977,0.9224541761223578,0.020832,0.9992938016691973,0.9955887395331636,0
Expanding,iv_skew_90_100,48,3m,expanding,expanding,-0.341,0.17875960600166196,0.4290632320286929,0.208252,0.9826253444871588,0.9955887395331636,0
Expanding,iv_skew_90_100,60,3m,expanding,expanding,-0.553,0.07024457746469986,0.4719994971216523,0.212393,0.9826253444871588,0.9955887395331636,0
Expanding,iv_skew_90_100,72,3m,expanding,expanding,-0.606,0.07422848951402516,0.4704142885112692,0.214054,0.9826253444871588,0.9955887395331636,0
Expanding,iv_skew_90_100,120,3m,expanding,expanding,-0.841,-0.06019677624355596,0.5240005433771909,0.208497,0.9826253444871588,0.9955887395331636,0
Expanding,iv_skew_90_100,48,6m,expanding,expanding,-0.177,0.5787414481611768,0.2813818221448375,0.509133,0.730071754754173,0.9955887395331636,0
Expanding,iv_skew_90_100,60,6m,expanding,expanding,-0.322,0.5444097051292589,0.29307978438182447,0.521565,0.7301430235763181,0.9955887395331636,0
Expanding,iv_skew_90_100,72,6m,expanding,expanding,-1.294,0.2806495181714291,0.38948961585960284,0.524802,0.7984416530860847,0.9955887395331636,0
Expanding,iv_skew_90_100,120,6m,expanding,expanding,-2.069,0.07842281775062941,0.4687458617419063,0.498575,0.8449110364940271,0.9955887395331636,0
Expanding,iv_skew_90_110,48,12m,expanding,expanding,-14.81,-1.7766016867760452,0.9621831010357474,-0.69752,0.9621831010357474,0.9955887395331636,0
Expanding,iv_skew_90_110,60,12m,expanding,expanding,-11.424,-1.339058751818813,0.9097242263772243,-0.600759,0.9290800609809949,0.9955887395331636,0
Expanding,iv_skew_90_110,72,12m,expanding,expanding,-6.236,-0.7495126874504181,0.7732258727587739,-0.539982,0.8631358579632824,0.9955887395331636,0
Expanding,iv_skew_90_110,120,12m,expanding,expanding,-7.299,-0.9833412680621967,0.8372802471368794,-0.411929,0.900742040827493,0.9955887395331636,0
Expanding,iv_skew_90_110,48,1m,expanding,expanding,-2.483,-1.2407384230248268,0.8926488023574003,-0.046353,0.9992938016691973,0.9955887395331636,0
Expanding,iv_skew_90_110,60,1m,expanding,expanding,-2.445,-1.1436559310890146,0.8736168218762228,-0.035379,0.9992938016691973,0.9955887395331636,0
Expanding,iv_skew_90_110,72,1m,expanding,expanding,-2.336,-1.0642745361103694,0.8563978250551088,-0.026479,0.9992938016691973,0.9955887395331636,0
Expanding,iv_skew_90_110,120,1m,expanding,expanding,-2.289,-0.9768931438193302,0.8356889717841494,-0.001209,0.9992938016691973,0.9955887395331636,0
Expanding,iv_skew_90_110,48,3m,expanding,expanding,-2.642,-0.8699166446053145,0.8078270206730663,0.00855,0.9826253444871588,0.9955887395331636,0
Expanding,iv_skew_90_110,60,3m,expanding,expanding,-0.74,0.031594711748009374,0.48739763034993944,0.040218,0.9826253444871588,0.9955887395331636,0
Expanding,iv_skew_90_110,72,3m,expanding,expanding,0.281,0.44959671063858864,0.32650063016655007,0.065038,0.9826253444871588,0.9955887395331636,0
Expanding,iv_skew_90_110,120,3m,expanding,expanding,1.222,0.7570027288778272,0.22452411378518458,0.109774,0.9826253444871588,0.9955887395331636,0
Expanding,iv_skew_90_110,48,6m,expanding,expanding,-6.069,-1.4435533280502244,0.9255676692777363,-0.052319,0.945260598411305,0.9955887395331636,0
Expanding,iv_skew_90_110,60,6m,expanding,expanding,-3.356,-0.6881217525184712,0.7543119433465547,-6.36e-4,0.8939993402625833,0.9955887395331636,0
Expanding,iv_skew_90_110,72,6m,expanding,expanding,-1.32,-0.14036487455352614,0.5558141454487058,0.031625,0.8449110364940271,0.9955887395331636,0
Expanding,iv_skew_90_110,120,6m,expanding,expanding,-1.112,-0.02418935792739952,0.5096492166041243,0.070718,0.8449110364940271,0.9955887395331636,0
Expanding,iv_skew_90_120,48,12m,expanding,expanding,-11.623,-0.8689551839691483,0.8075641779933977,-0.770441,0.8809791032655248,0.9955887395331636,0
Expanding,iv_skew_90_120,60,12m,expanding,expanding,-5.859,-0.17817842732542388,0.5707085744378073,-0.708558,0.7505208650141028,0.9955887395331636,0
Expanding,iv_skew_90_120,72,12m,expanding,expanding,-1.99,0.32193138671491855,0.37375233738309704,-0.667437,0.6538043588823211,0.9955887395331636,0
Expanding,iv_skew_90_120,120,12m,expanding,expanding,-0.748,0.3958939337959743,0.34609163818325234,-0.604771,0.6538043588823211,0.9955887395331636,0
Expanding,iv_skew_90_120,48,1m,expanding,expanding,-2.873,-1.1849771471888342,0.8819867586943088,-0.076063,0.9992938016691973,0.9955887395331636,0
Expanding,iv_skew_90_120,60,1m,expanding,expanding,-2.752,-1.1254716193069214,0.869805381472289,-0.067647,0.9992938016691973,0.9955887395331636,0
Expanding,iv_skew_90_120,72,1m,expanding,expanding,-2.731,-1.0767423153460043,0.8592022988411223,-0.060669,0.9992938016691973,0.9955887395331636,0
Expanding,iv_skew_90_120,120,1m,expanding,expanding,-2.467,-0.9460968366265553,0.8279504014459832,-0.046586,0.9992938016691973,0.9955887395331636,0
Expanding,iv_skew_90_120,48,3m,expanding,expanding,-5.848,-1.8987865544827751,0.9712037271314877,-0.115816,0.9826253444871588,0.9955887395331636,0
Expanding,iv_skew_90_120,60,3m,expanding,expanding,-3.294,-2.046112700846678,0.9796273581575214,-0.092116,0.9826253444871588,0.9955887395331636,0
Expanding,iv_skew_90_120,72,3m,expanding,expanding,-2.632,-1.6603630472104192,0.9515792803313307,-0.07251,0.9826253444871588,0.9955887395331636,0
Expanding,iv_skew_90_120,120,3m,expanding,expanding,-1.732,-1.108602703052884,0.8661991942316887,-0.046504,0.9826253444871588,0.9955887395331636,0
Expanding,iv_skew_90_120,48,6m,expanding,expanding,-7.141,-1.6143004898771498,0.9467688680434545,-0.136828,0.9467688680434545,0.9955887395331636,0
Expanding,iv_skew_90_120,60,6m,expanding,expanding,-3.159,-1.3275554178152507,0.9078374895881348,-0.10077,0.9414686265451025,0.9955887395331636,0
Expanding,iv_skew_90_120,72,6m,expanding,expanding,-1.662,-0.7219379006444793,0.7648336709931138,-0.079904,0.8954150294553527,0.9955887395331636,0
Expanding,iv_skew_90_120,120,6m,expanding,expanding,-1.232,-0.380368008772259,0.648163870754535,-0.082861,0.8449110364940271,0.9955887395331636,0
Expanding,log_curve_quad,48,12m,expanding,expanding,-8.956,-0.6287504778232291,0.7352437871513011,0.004151,0.8303929831355872,0.9955887395331636,0
Expanding,log_curve_quad,60,12m,expanding,expanding,-8.644,-0.2990503725717737,0.6175491943182603,0.003699,0.7699314630461427,0.9955887395331636,0
Expanding,log_curve_quad,72,12m,expanding,expanding,-6.67,0.08326992005323001,0.4668184587637643,0.003236,0.6794144357236174,0.9955887395331636,0
Expanding,log_curve_quad,120,12m,expanding,expanding,1.969,1.0748907881824932,0.14121181335162242,0.001823,0.6455397181788453,0.9955887395331636,0
Expanding,log_curve_quad,48,1m,expanding,expanding,-1.705,-1.4546271314745671,0.9271137421834375,3.67e-4,0.9992938016691973,0.9955887395331636,0
Expanding,log_curve_quad,60,1m,expanding,expanding,-1.771,-1.584552647092228,0.9434659945017233,3.11e-4,0.9992938016691973,0.9955887395331636,0
Expanding,log_curve_quad,72,1m,expanding,expanding,-1.457,-1.2214323612060212,0.8890388196485932,2.57e-4,0.9992938016691973,0.9955887395331636,0
Expanding,log_curve_quad,120,1m,expanding,expanding,-0.785,-0.89248284592969,0.8139329083548077,1.2e-4,0.9992938016691973,0.9955887395331636,0
Expanding,log_curve_quad,48,3m,expanding,expanding,-5.115,-1.8763454648807136,0.9696960710838803,9.7e-4,0.9826253444871588,0.9955887395331636,0
Expanding,log_curve_quad,60,3m,expanding,expanding,-5.171,-2.11126767270045,0.9826253444871588,7.96e-4,0.9826253444871588,0.9955887395331636,0
Expanding,log_curve_quad,72,3m,expanding,expanding,-3.68,-1.3630573607388843,0.913567783236743,6.23e-4,0.9826253444871588,0.9955887395331636,0
Expanding,log_curve_quad,120,3m,expanding,expanding,-1.247,-0.2844474024985938,0.6119662317102172,2.94e-4,0.9826253444871588,0.9955887395331636,0
Expanding,log_curve_quad,48,6m,expanding,expanding,-7.227,-1.353473106320864,0.9120477319655681,0.001886,0.9414686265451025,0.9955887395331636,0
Expanding,log_curve_quad,60,6m,expanding,expanding,-6.612,-0.9598228209640756,0.8314278026395621,0.00159,0.896821000599977,0.9955887395331636,0
Expanding,log_curve_quad,72,6m,expanding,expanding,-3.93,-0.24170050454793285,0.5954938807101408,0.001323,0.8449110364940271,0.9955887395331636,0
Expanding,log_curve_quad,120,6m,expanding,expanding,-0.247,0.5923931001228048,0.27679369282690997,7.98e-4,0.730071754754173,0.9955887395331636,0
Expanding,log_slope_quad,48,12m,expanding,expanding,16.94,3.41468113431139,3.192835953428197e-4,0.118391,0.011999258289630665,0.03839762652681813,1
Expanding,log_slope_quad,60,12m,expanding,expanding,12.907,3.4476867435320084,2.82704695239073e-4,0.119037,0.011999258289630665,0.03839762652681813,1
Expanding,log_slope_quad,72,12m,expanding,expanding,13.119,3.290544121572257,4.999690954012778e-4,0.118727,0.011999258289630665,0.03839762652681813,1
Expanding,log_slope_quad,120,12m,expanding,expanding,11.678,2.6394808177614584,0.004151656106024986,0.115309,0.04981987327229983,0.12011168400141742,1
Expanding,log_slope_quad,48,1m,expanding,expanding,-1.347,-1.4940623066701781,0.9324203326023576,-8.2e-4,0.9992938016691973,0.9955887395331636,0
Expanding,log_slope_quad,60,1m,expanding,expanding,-0.434,-3.192105639444573,0.9992938016691973,-4.31e-4,0.9992938016691973,0.9992938016691973,0
Expanding,log_slope_quad,72,1m,expanding,expanding,-0.335,-2.8961464581595684,0.9981111197742975,-2.68e-4,0.9992938016691973,0.9992938016691973,0
Expanding,log_slope_quad,120,1m,expanding,expanding,-0.31,-2.5356323464755777,0.9943877746810184,1.07e-4,0.9992938016691973,0.9992938016691973,0
Expanding,log_slope_quad,48,3m,expanding,expanding,-2.297,-1.2812731056863451,0.8999511220392055,0.001822,0.9826253444871588,0.9955887395331636,0
Expanding,log_slope_quad,60,3m,expanding,expanding,-0.087,-0.10359495695121948,0.5412546050496168,0.002659,0.9826253444871588,0.9955887395331636,0
Expanding,log_slope_quad,72,3m,expanding,expanding,-0.073,-0.03076768663326914,0.5122725947278712,0.00288,0.9826253444871588,0.9955887395331636,0
Expanding,log_slope_quad,120,3m,expanding,expanding,0.004,0.1781637030665569,0.4292972071907436,0.003894,0.9826253444871588,0.9955887395331636,0
Expanding,log_slope_quad,48,6m,expanding,expanding,4.229,3.332136770770844,4.309094512549219e-4,0.032109,0.0413673073204725,0.03839762652681813,1
Expanding,log_slope_quad,60,6m,expanding,expanding,4.857,3.083590395408563,0.0010225948333275959,0.033113,0.0490845519997246,0.05609663085682812,1
Expanding,log_slope_quad,72,6m,expanding,expanding,4.955,2.86727975513127,0.0020700843038926006,0.033556,0.06624269772456322,0.09936404658684483,1
Expanding,log_slope_quad,120,6m,expanding,expanding,5.348,2.6636198812693452,0.0038652430705428046,0.03455,0.07006514900082683,0.12011168400141742,1
Expanding,skew_curve_quad,48,12m,expanding,expanding,-1.374,0.12297649854674687,0.45106285406527774,0.012276,0.6794144357236174,0.9955887395331636,0
Expanding,skew_curve_quad,60,12m,expanding,expanding,-4.012,-0.4195033588695161,0.6625758497717258,0.010774,0.7985107001872755,0.9955887395331636,0
Expanding,skew_curve_quad,72,12m,expanding,expanding,-2.705,-0.13125267492515663,0.5522122861158287,0.008933,0.7505208650141028,0.9955887395331636,0
Expanding,skew_curve_quad,120,12m,expanding,expanding,3.427,0.9923209723795674,0.16052048793829227,0.005533,0.6538043588823211,0.9955887395331636,0
Expanding,skew_curve_quad,48,1m,expanding,expanding,-1.629,-0.4662616576025722,0.6794858898761539,0.002765,0.9992938016691973,0.9955887395331636,0
Expanding,skew_curve_quad,60,1m,expanding,expanding,-2.644,-1.3366260868438988,0.9093276402941193,0.002475,0.9992938016691973,0.9955887395331636,0
Expanding,skew_curve_quad,72,1m,expanding,expanding,-2.099,-0.8138425993954626,0.7921324362666149,0.00214,0.9992938016691973,0.9955887395331636,0
Expanding,skew_curve_quad,120,1m,expanding,expanding,-0.733,-0.03912970798141178,0.5156065122215867,0.001242,0.9992938016691973,0.9955887395331636,0
Expanding,skew_curve_quad,48,3m,expanding,expanding,-3.342,-0.27806774770370113,0.6095198233296826,0.007078,0.9826253444871588,0.9955887395331636,0
Expanding,skew_curve_quad,60,3m,expanding,expanding,-6.731,-1.5437661706861383,0.9386775052734088,0.006282,0.9826253444871588,0.9955887395331636,0
Expanding,skew_curve_quad,72,3m,expanding,expanding,-4.984,-0.8450205270227571,0.8009503108620784,0.005324,0.9826253444871588,0.9955887395331636,0
Expanding,skew_curve_quad,120,3m,expanding,expanding,-0.837,0.3540688357189979,0.36164364833606655,0.003003,0.9826253444871588,0.9955887395331636,0
Expanding,skew_curve_quad,48,6m,expanding,expanding,-3.191,-0.13763305722170924,0.5547347858699407,0.010148,0.8449110364940271,0.9955887395331636,0
Expanding,skew_curve_quad,60,6m,expanding,expanding,-7.05,-0.9263567815736765,0.8228697018609549,0.008913,0.896821000599977,0.9955887395331636,0
Expanding,skew_curve_quad,72,6m,expanding,expanding,-4.488,-0.3088124368049311,0.6212678959767616,0.007521,0.8449110364940271,0.9955887395331636,0
Expanding,skew_curve_quad,120,6m,expanding,expanding,1.059,0.7630944894307505,0.22270352310363403,0.004597,0.6958960563627625,0.9955887395331636,0
Expanding,skew_ratio_80_100,48,12m,expanding,expanding,-3.108,-1.180051840059922,0.8810102013055168,-3.79e-4,0.9094298852185979,0.9955887395331636,0
Expanding,skew_ratio_80_100,60,12m,expanding,expanding,-0.847,-0.4829961812807865,0.6854507761689534,-0.005214,0.7985107001872755,0.9955887395331636,0
Expanding,skew_ratio_80_100,72,12m,expanding,expanding,-0.553,-0.15794525023293216,0.5627500294894116,-0.00805,0.7505208650141028,0.9955887395331636,0
Expanding,skew_ratio_80_100,120,12m,expanding,expanding,-0.817,-0.2639665880671819,0.6040971676387209,-0.006673,0.7630701064910158,0.9955887395331636,0
Expanding,skew_ratio_80_100,48,1m,expanding,expanding,-2.147,-1.7726738002487428,0.9618586125446209,0.007632,0.9992938016691973,0.9955887395331636,0
Expanding,skew_ratio_80_100,60,1m,expanding,expanding,-1.366,-1.9451482587318114,0.9741214314497373,0.006201,0.9992938016691973,0.9955887395331636,0
Expanding,skew_ratio_80_100,72,1m,expanding,expanding,-1.012,-1.3344285977271473,0.9089682835323303,0.005123,0.9992938016691973,0.9955887395331636,0
Expanding,skew_ratio_80_100,120,1m,expanding,expanding,-0.638,-0.9994036687847344,0.8412004083486185,0.002123,0.9992938016691973,0.9955887395331636,0
Expanding,skew_ratio_80_100,48,3m,expanding,expanding,-5.909,-1.9362650394793377,0.9735823758537139,0.015621,0.9826253444871588,0.9955887395331636,0
Expanding,skew_ratio_80_100,60,3m,expanding,expanding,-3.027,-1.947432694997606,0.9742585592479872,0.011707,0.9826253444871588,0.9955887395331636,0
Expanding,skew_ratio_80_100,72,3m,expanding,expanding,-1.782,-1.0982853440173364,0.8639600452042699,0.008696,0.9826253444871588,0.9955887395331636,0
Expanding,skew_ratio_80_100,120,3m,expanding,expanding,-0.926,-0.41654323356159473,0.6614937309094671,0.003018,0.9826253444871588,0.9955887395331636,0
Expanding,skew_ratio_80_100,48,6m,expanding,expanding,-6.064,-1.585269243204138,0.9435474130022375,0.015936,0.9467688680434545,0.9955887395331636,0
Expanding,skew_ratio_80_100,60,6m,expanding,expanding,-2.513,-1.3516624878182726,0.9117583447790222,0.010632,0.9414686265451025,0.9955887395331636,0
Expanding,skew_ratio_80_100,72,6m,expanding,expanding,-1.244,-0.640433845547781,0.7390547075417178,0.006904,0.8868656490500613,0.9955887395331636,0
Expanding,skew_ratio_80_100,120,6m,expanding,expanding,-0.658,-0.10507459386451783,0.5418416905769724,0.003565,0.8449110364940271,0.9955887395331636,0
Expanding,skew_ratio_80_110,48,12m,expanding,expanding,2.177,1.206602388048768,0.11379265332596808,-0.163906,0.5749523536469966,0.9955887395331636,0
Expanding,skew_ratio_80_110,60,12m,expanding,expanding,-1.285,0.8009171439220822,0.21158980721986034,-0.164943,0.6538043588823211,0.9955887395331636,0
Expanding,skew_ratio_80_110,72,12m,expanding,expanding,-2.563,0.6704443121609837,0.2512872973902833,-0.163517,0.6538043588823211,0.9955887395331636,0
Expanding,skew_ratio_80_110,120,12m,expanding,expanding,-11.709,-0.42379025736804643,0.6641406080113196,-0.138882,0.7985107001872755,0.9955887395331636,0
Expanding,skew_ratio_80_110,48,1m,expanding,expanding,-1.706,-1.5087855356186441,0.9343232008409836,0.007309,0.9992938016691973,0.9955887395331636,0
Expanding,skew_ratio_80_110,60,1m,expanding,expanding,-0.815,-1.8492301202240111,0.9677877043914193,0.006281,0.9992938016691973,0.9955887395331636,0
Expanding,skew_ratio_80_110,72,1m,expanding,expanding,-0.599,-1.2295862265592783,0.8905739548153563,0.005684,0.9992938016691973,0.9955887395331636,0
Expanding,skew_ratio_80_110,120,1m,expanding,expanding,-0.396,-0.6990033349957995,0.7577250266742795,0.004883,0.9992938016691973,0.9955887395331636,0
Expanding,skew_ratio_80_110,48,3m,expanding,expanding,-4.113,-1.569505296991576,0.9417348769063397,0.013943,0.9826253444871588,0.9955887395331636,0
Expanding,skew_ratio_80_110,60,3m,expanding,expanding,-1.121,-1.331294849395739,0.9084539938379252,0.011496,0.9826253444871588,0.9955887395331636,0
Expanding,skew_ratio_80_110,72,3m,expanding,expanding,-0.633,-0.6444263566394068,0.7403505010284303,0.010163,0.9826253444871588,0.9955887395331636,0
Expanding,skew_ratio_80_110,120,3m,expanding,expanding,-0.416,-0.36901728537620787,0.6439425796105638,0.007797,0.9826253444871588,0.9955887395331636,0
Expanding,skew_ratio_80_110,48,6m,expanding,expanding,-1.532,-0.4368444060418712,0.6688879038911049,-0.031312,0.8449110364940271,0.9955887395331636,0
Expanding,skew_ratio_80_110,60,6m,expanding,expanding,-0.061,0.44060183618565446,0.32975063665177434,-0.034039,0.7720990516724472,0.9955887395331636,0
Expanding,skew_ratio_80_110,72,6m,expanding,expanding,-0.374,0.2998534315613544,0.38214447845645927,-0.035308,0.7984416530860847,0.9955887395331636,0
Expanding,skew_ratio_80_110,120,6m,expanding,expanding,-1.774,-0.39026572820022276,0.6518299685162051,-0.031282,0.8449110364940271,0.9955887395331636,0
Expanding,skew_ratio_80_120,48,12m,expanding,expanding,12.597,3.1303321594344116,8.730437336364417e-4,-0.230987,0.01676243968581968,0.05587479895273227,1
Expanding,skew_ratio_80_120,60,12m,expanding,expanding,10.726,2.775048306453626,0.0027596754547139116,-0.233733,0.044154807275422585,0.11774615273446022,1
Expanding,skew_ratio_80_120,72,12m,expanding,expanding,9.824,2.503522279484455,0.006148196913280514,-0.233671,0.05902269036749293,0.1475567259187323,1
Expanding,skew_ratio_80_120,120,12m,expanding,expanding,4.438,1.516811014234565,0.06465720269816785,-0.21998500000000001,0.44336367564457957,0.8867273512891591,0
Expanding,skew_ratio_80_120,48,1m,expanding,expanding,-1.535,-1.6531621368572182,0.9508510649714871,0.003973,0.9992938016691973,0.9955887395331636,0
Expanding,skew_ratio_80_120,60,1m,expanding,expanding,-0.664,-2.445320554868905,0.9927638276369046,0.002766,0.9992938016691973,0.9992938016691973,0
Expanding,skew_ratio_80_120,72,1m,expanding,expanding,-0.421,-2.0122106407412135,0.9779011313551622,0.002037,0.9992938016691973,0.9955887395331636,0
Expanding,skew_ratio_80_120,120,1m,expanding,expanding,-0.281,-1.6107387357753953,0.9463816604410634,2.73e-4,0.9992938016691973,0.9955887395331636,0
Expanding,skew_ratio_80_120,48,3m,expanding,expanding,-2.882,-1.5075835678860177,0.9341694295319461,-3.37e-4,0.9826253444871588,0.9955887395331636,0
Expanding,skew_ratio_80_120,60,3m,expanding,expanding,-0.441,-0.9625605597310657,0.8321159508943768,-0.003203,0.9826253444871588,0.9955887395331636,0
Expanding,skew_ratio_80_120,72,3m,expanding,expanding,-0.066,-0.03563189091274374,0.5142120604051788,-0.004724,0.9826253444871588,0.9955887395331636,0
Expanding,skew_ratio_80_120,120,3m,expanding,expanding,0.056,0.31173262889471637,0.37762186423031197,-0.008625,0.9826253444871588,0.9955887395331636,0
Expanding,skew_ratio_80_120,48,6m,expanding,expanding,2.056,1.7408172844136085,0.040857805622560896,-0.05548,0.32686244498048717,0.6275758943625354,0
Expanding,skew_ratio_80_120,60,6m,expanding,expanding,3.713,2.3945201424430853,0.00832106466784627,-0.0589,0.1053254057194102,0.17751604624738707,0
Expanding,skew_ratio_80_120,72,6m,expanding,expanding,3.679,2.150855660178216,0.015743797108989308,-0.060917,0.15114045224629735,0.28788657570723303,0
Expanding,skew_ratio_80_120,120,6m,expanding,expanding,3.469,1.7457966357077301,0.040423147892393076,-0.06279,0.32686244498048717,0.6275758943625354,0
Expanding,skew_ratio_90_100,48,12m,expanding,expanding,-5.454,-0.6252603473333712,0.7340998998328552,0.065334,0.8303929831355872,0.9955887395331636,0
Expanding,skew_ratio_90_100,60,12m,expanding,expanding,-0.748,0.5499059315309665,0.291191947826253,0.061792,0.6538043588823211,0.9955887395331636,0
Expanding,skew_ratio_90_100,72,12m,expanding,expanding,-0.778,0.5624475159590594,0.28690557644376885,0.061794,0.6538043588823211,0.9955887395331636,0
Expanding,skew_ratio_90_100,120,12m,expanding,expanding,-2.464,0.08256824843031131,0.46709742455998693,0.050718,0.6794144357236174,0.9955887395331636,0
Expanding,skew_ratio_90_100,48,1m,expanding,expanding,-2.586,-1.4167220624736565,0.9217178979931032,0.008702,0.9992938016691973,0.9955887395331636,0
Expanding,skew_ratio_90_100,60,1m,expanding,expanding,-0.931,-1.3975954486837132,0.9188827070658853,0.006473,0.9992938016691973,0.9955887395331636,0
Expanding,skew_ratio_90_100,72,1m,expanding,expanding,-0.759,-1.0454328917825706,0.8520885292740323,0.005347,0.9992938016691973,0.9955887395331636,0
Expanding,skew_ratio_90_100,120,1m,expanding,expanding,-0.667,-1.0503168409629975,0.8532137675873965,0.001932,0.9992938016691973,0.9955887395331636,0
Expanding,skew_ratio_90_100,48,3m,expanding,expanding,-7.75,-1.4751258842064816,0.9299106486654211,0.019461,0.9826253444871588,0.9955887395331636,0
Expanding,skew_ratio_90_100,60,3m,expanding,expanding,-1.836,-0.8871448441499625,0.8124995384272682,0.013357,0.9826253444871588,0.9955887395331636,0
Expanding,skew_ratio_90_100,72,3m,expanding,expanding,-1.107,-0.3218194358031256,0.6262052553361318,0.009987,0.9826253444871588,0.9955887395331636,0
Expanding,skew_ratio_90_100,120,3m,expanding,expanding,-0.867,-0.1918039916464234,0.5760521279310473,0.004436,0.9826253444871588,0.9955887395331636,0
Expanding,skew_ratio_90_100,48,6m,expanding,expanding,-8.999,-1.1909326208630846,0.8831599814019133,0.031884,0.9414686265451025,0.9955887395331636,0
Expanding,skew_ratio_90_100,60,6m,expanding,expanding,-1.508,-0.18963127538607608,0.5752009611719299,0.024041,0.8449110364940271,0.9955887395331636,0
Expanding,skew_ratio_90_100,72,6m,expanding,expanding,-1.045,0.11328467221469933,0.4549024344050397,0.020525,0.8449110364940271,0.9955887395331636,0
Expanding,skew_ratio_90_100,120,6m,expanding,expanding,-1.482,-0.04236144904092067,0.5168947200227604,0.017842,0.8449110364940271,0.9955887395331636,0
Expanding,skew_ratio_90_110,48,12m,expanding,expanding,6.367,1.276929164609363,0.10081362828521304,-0.33518,0.5376726841878028,0.9955887395331636,0
Expanding,skew_ratio_90_110,60,12m,expanding,expanding,-1.906,0.5806451544845083,0.2807398164550532,-0.332098,0.6538043588823211,0.9955887395331636,0
Expanding,skew_ratio_90_110,72,12m,expanding,expanding,-0.451,0.7766563557859555,0.21868077139866138,-0.326457,0.6538043588823211,0.9955887395331636,0
Expanding,skew_ratio_90_110,120,12m,expanding,expanding,1.983,0.8102947208925312,0.2088854043634117,-0.30563,0.6538043588823211,0.9955887395331636,0
Expanding,skew_ratio_90_110,48,1m,expanding,expanding,-1.573,-1.197297856935007,0.8844047602776725,0.006486,0.9992938016691973,0.9955887395331636,0
Expanding,skew_ratio_90_110,60,1m,expanding,expanding,-0.354,-1.25178694070211,0.8946762449988626,0.005552,0.9992938016691973,0.9955887395331636,0
Expanding,skew_ratio_90_110,72,1m,expanding,expanding,-0.334,-1.0528483250811773,0.8537947436457243,0.005645,0.9992938016691973,0.9955887395331636,0
Expanding,skew_ratio_90_110,120,1m,expanding,expanding,-0.34,-0.8794908408242433,0.8104324014513837,0.006973,0.9992938016691973,0.9955887395331636,0
Expanding,skew_ratio_90_110,48,3m,expanding,expanding,-3.718,-1.2426701014767234,0.8930052870788118,0.013587,0.9826253444871588,0.9955887395331636,0
Expanding,skew_ratio_90_110,60,3m,expanding,expanding,-0.172,-0.3044374234556092,0.6196026699076872,0.011896,0.9826253444871588,0.9955887395331636,0
Expanding,skew_ratio_90_110,72,3m,expanding,expanding,-0.171,-0.24740033128610867,0.5977007910877326,0.012769,0.9826253444871588,0.9955887395331636,0
Expanding,skew_ratio_90_110,120,3m,expanding,expanding,-0.264,-0.34979476747299554,0.6367536368855395,0.014745,0.9826253444871588,0.9955887395331636,0
Expanding,skew_ratio_90_110,48,6m,expanding,expanding,0.669,0.9457359504954123,0.17214164055789966,-0.090716,0.6958960563627625,0.9955887395331636,0
Expanding,skew_ratio_90_110,60,6m,expanding,expanding,0.305,0.733918796341838,0.2314991152819038,-0.092432,0.6958960563627625,0.9955887395331636,0
Expanding,skew_ratio_90_110,72,6m,expanding,expanding,0.485,0.7830355112302905,0.216803129509047,-0.091401,0.6958960563627625,0.9955887395331636,0
Expanding,skew_ratio_90_110,120,6m,expanding,expanding,0.708,0.6799982309089911,0.24825279053557392,-0.085455,0.6958960563627625,0.9955887395331636,0
Expanding,skew_ratio_90_120,48,12m,expanding,expanding,14.107,2.650204583869573,0.004022152150384157,-0.379333,0.04981987327229983,0.12011168400141742,1
Expanding,skew_ratio_90_120,60,12m,expanding,expanding,6.592,2.464047732555237,0.006868890755187802,-0.374976,0.05994668295436627,0.15515612058777153,1
Expanding,skew_ratio_90_120,72,12m,expanding,expanding,7.685,2.505762857513309,0.006109376953875808,-0.367145,0.05902269036749293,0.1475567259187323,1
Expanding,skew_ratio_90_120,120,12m,expanding,expanding,17.52,3.2946119169133192,4.92788446955244e-4,-0.335064,0.011999258289630665,0.03839762652681813,1
Expanding,skew_ratio_90_120,48,1m,expanding,expanding,-1.42,-1.4194813778398117,0.9221206388883649,-0.002354,0.9992938016691973,0.9955887395331636,0
Expanding,skew_ratio_90_120,60,1m,expanding,expanding,-0.461,-1.3946907554375572,0.9184454430848281,-0.00358,0.9992938016691973,0.9955887395331636,0
Expanding,skew_ratio_90_120,72,1m,expanding,expanding,-0.48,-1.2831916022865761,0.9002875213227622,-0.003811,0.9992938016691973,0.9955887395331636,0
Expanding,skew_ratio_90_120,120,1m,expanding,expanding,-0.528,-1.1450983943860042,0.8739157997298077,-0.005068,0.9992938016691973,0.9955887395331636,0
Expanding,skew_ratio_90_120,48,3m,expanding,expanding,-1.65,-0.7149918381838618,0.7626929566971772,-0.018366,0.9826253444871588,0.9955887395331636,0
Expanding,skew_ratio_90_120,60,3m,expanding,expanding,0.204,0.6146155391712387,0.26940432491020033,-0.020646,0.9826253444871588,0.9955887395331636,0
Expanding,skew_ratio_90_120,72,3m,expanding,expanding,0.046,0.44914139444749607,0.3266648305102656,-0.020231,0.9826253444871588,0.9955887395331636,0
Expanding,skew_ratio_90_120,120,3m,expanding,expanding,0.49,0.7544614587897522,0.225286089833305,-0.021981,0.9826253444871588,0.9955887395331636,0
Expanding,skew_ratio_90_120,48,6m,expanding,expanding,4.904,2.724059677360495,0.00322424266669184,-0.113461,0.07006514900082683,0.12011168400141742,1
Expanding,skew_ratio_90_120,60,6m,expanding,expanding,4.199,2.3685977411578834,0.008927830874959101,-0.114794,0.1053254057194102,0.18043616084127867,0
Expanding,skew_ratio_90_120,72,6m,expanding,expanding,4.699,2.331091914171961,0.009874256786194706,-0.113664,0.1053254057194102,0.18958573029493836,0
Expanding,skew_ratio_90_120,120,6m,expanding,expanding,7.401,2.621353340508083,0.004379071812551677,-0.110104,0.07006514900082683,0.12011168400141742,1
Expanding,skew_slope_quad,48,12m,expanding,expanding,-7.463,-0.80028909151937,0.7882283391030581,0.160799,0.8697692017688917,0.9955887395331636,0
Expanding,skew_slope_quad,60,12m,expanding,expanding,-2.775,-0.019070855056177144,0.5076077092516996,0.154848,0.7166226483553407,0.9955887395331636,0
Expanding,skew_slope_quad,72,12m,expanding,expanding,-2.248,0.10136933346614685,0.45962863969916457,0.153227,0.6794144357236174,0.9955887395331636,0
Expanding,skew_slope_quad,120,12m,expanding,expanding,-8.654,-1.1381681693970755,0.8724748663597762,0.136134,0.9094298852185979,0.9955887395331636,0
Expanding,skew_slope_quad,48,1m,expanding,expanding,-1.368,-1.3836867047062231,0.9167727968440901,1.71e-4,0.9992938016691973,0.9955887395331636,0
Expanding,skew_slope_quad,60,1m,expanding,expanding,-1.162,-1.1107204389414624,0.8666556491448645,-7.66e-4,0.9992938016691973,0.9955887395331636,0
Expanding,skew_slope_quad,72,1m,expanding,expanding,-1.263,-1.0811060936034762,0.8601750384322815,-0.001196,0.9992938016691973,0.9955887395331636,0
Expanding,skew_slope_quad,120,1m,expanding,expanding,-1.357,-0.9583778790443126,0.8310638771582753,-0.003317,0.9992938016691973,0.9955887395331636,0
Expanding,skew_slope_quad,48,3m,expanding,expanding,-1.566,-0.7834058141360816,0.7833055785026827,-0.012657,0.9826253444871588,0.9955887395331636,0
Expanding,skew_slope_quad,60,3m,expanding,expanding,0.038,0.28348359899417164,0.38840307617323744,-0.015328,0.9826253444871588,0.9955887395331636,0
Expanding,skew_slope_quad,72,3m,expanding,expanding,0.08,0.3095124967775249,0.37846585375103103,-0.016501,0.9826253444871588,0.9955887395331636,0
Expanding,skew_slope_quad,120,3m,expanding,expanding,0.272,0.38911633332534046,0.3485950457591763,-0.019169,0.9826253444871588,0.9955887395331636,0
Expanding,skew_slope_quad,48,6m,expanding,expanding,-2.84,-0.8860468273512221,0.8122038529568534,-0.018099,0.896821000599977,0.9955887395331636,0
Expanding,skew_slope_quad,60,6m,expanding,expanding,-0.812,-0.12901067212097087,0.5513253978648033,-0.021796,0.8449110364940271,0.9955887395331636,0
Expanding,skew_slope_quad,72,6m,expanding,expanding,-0.943,-0.12917724717259957,0.5513913002614541,-0.021503,0.8449110364940271,0.9955887395331636,0
Expanding,skew_slope_quad,120,6m,expanding,expanding,-0.883,-0.08911748279465441,0.5355057282922814,-0.017956,0.8449110364940271,0.9955887395331636,0
Expanding,vix_ann,48,12m,expanding,expanding,-0.04,0.3790858978115128,0.35231203903345015,0.274372,0.6538043588823211,0.9955887395331636,0
Expanding,vix_ann,60,12m,expanding,expanding,1.881,0.6148828036109221,0.26931606007621733,0.281925,0.6538043588823211,0.9955887395331636,0
Expanding,vix_ann,72,12m,expanding,expanding,0.556,0.4025576538681414,0.3436368335173793,0.277504,0.6538043588823211,0.9955887395331636,0
Expanding,vix_ann,120,12m,expanding,expanding,4.247,0.7263467615818064,0.23381310974929992,0.258097,0.6538043588823211,0.9955887395331636,0
Expanding,vix_ann,48,1m,expanding,expanding,-6.326,-1.0578462578918668,0.8549372301387889,-0.022909,0.9992938016691973,0.9955887395331636,0
Expanding,vix_ann,60,1m,expanding,expanding,-1.82,-1.1414421255734248,0.8731570085224389,-0.018166,0.9992938016691973,0.9955887395331636,0
Expanding,vix_ann,72,1m,expanding,expanding,-1.719,-0.9901483470019492,0.8389491924027913,-0.01563,0.9992938016691973,0.9955887395331636,0
Expanding,vix_ann,120,1m,expanding,expanding,-1.497,-0.8737391858029899,0.8088698471576314,-0.008371,0.9992938016691973,0.9955887395331636,0
Expanding,vix_ann,48,3m,expanding,expanding,-17.115,-1.2954673707174233,0.9024204748171738,-0.018317,0.9826253444871588,0.9955887395331636,0
Expanding,vix_ann,60,3m,expanding,expanding,-1.218,-0.8833067468182861,0.8114647202504078,-0.006536,0.9826253444871588,0.9955887395331636,0
Expanding,vix_ann,72,3m,expanding,expanding,-0.582,-0.3033226964136414,0.619178024399324,-8.17e-4,0.9826253444871588,0.9955887395331636,0
Expanding,vix_ann,120,3m,expanding,expanding,-0.211,0.01715419554116086,0.49315680173458426,0.011897,0.9826253444871588,0.9955887395331636,0
Expanding,vix_ann,48,6m,expanding,expanding,-7.205,-0.5509896533059901,0.7091796163248484,0.14408,0.8841719891842266,0.9955887395331636,0
Expanding,vix_ann,60,6m,expanding,expanding,2.673,0.8730471258340208,0.1913186958752476,0.156683,0.6958960563627625,0.9955887395331636,0
Expanding,vix_ann,72,6m,expanding,expanding,2.167,0.7065188980308302,0.2399327523267313,0.159774,0.6958960563627625,0.9955887395331636,0
Expanding,vix_ann,120,6m,expanding,expanding,3.527,0.8172430366673678,0.20689477631945444,0.154082,0.6958960563627625,0.9955887395331636,0
Expanding,wing_curve,48,12m,expanding,expanding,-3.375,0.18957400263627622,0.4248214803258906,0.016133,0.6794144357236174,0.9955887395331636,0
Expanding,wing_curve,60,12m,expanding,expanding,-5.696,-0.1422555015744881,0.5565609032069325,0.014824,0.7505208650141028,0.9955887395331636,0
Expanding,wing_curve,72,12m,expanding,expanding,-5.073,0.02701342820084211,0.489224511892419,0.013186,0.7009784050995854,0.9955887395331636,0
Expanding,wing_curve,120,12m,expanding,expanding,1.985,0.9334540339230646,0.17529279646104856,0.008095,0.6538043588823211,0.9955887395331636,0
Expanding,wing_curve,48,1m,expanding,expanding,-1.771,-0.7713309453959183,0.7797446027574424,0.002318,0.9992938016691973,0.9955887395331636,0
Expanding,wing_curve,60,1m,expanding,expanding,-2.451,-1.37997312123892,0.9162025395690231,0.002064,0.9992938016691973,0.9955887395331636,0
Expanding,wing_curve,72,1m,expanding,expanding,-1.981,-0.9037076642169097,0.8169247829714024,0.001792,0.9992938016691973,0.9955887395331636,0
Expanding,wing_curve,120,1m,expanding,expanding,-0.894,-0.3740687105594865,0.645823401522821,9.95e-4,0.9992938016691973,0.9955887395331636,0
Expanding,wing_curve,48,3m,expanding,expanding,-4.2,-0.7154908485606856,0.762847103168498,0.006013,0.9826253444871588,0.9955887395331636,0
Expanding,wing_curve,60,3m,expanding,expanding,-6.723,-1.7595559197750523,0.9607584344920306,0.0053,0.9826253444871588,0.9955887395331636,0
Expanding,wing_curve,72,3m,expanding,expanding,-5.171,-1.0559121545878014,0.854495824730625,0.004494,0.9826253444871588,0.9955887395331636,0
Expanding,wing_curve,120,3m,expanding,expanding,-1.603,-0.0027488545286217633,0.5010966329130768,0.002514,0.9826253444871588,0.9955887395331636,0
Expanding,wing_curve,48,6m,expanding,expanding,-4.774,-0.43573572717086373,0.6684857594648581,0.009739,0.8449110364940271,0.9955887395331636,0
Expanding,wing_curve,60,6m,expanding,expanding,-7.518,-0.9107296010471547,0.8187810683104801,0.008619,0.896821000599977,0.9955887395331636,0
Expanding,wing_curve,72,6m,expanding,expanding,-5.496,-0.34886823601530187,0.6364058836326919,0.007435,0.8449110364940271,0.9955887395331636,0
Expanding,wing_curve,120,6m,expanding,expanding,-0.632,0.5341450164296264,0.2966206033278792,0.004638,0.7301430235763181,0.9955887395331636,0
Expanding,wing_slope,48,12m,expanding,expanding,-5.459,-0.49692503812782624,0.6903790428702485,0.148872,0.7985107001872755,0.9955887395331636,0
Expanding,wing_slope,60,12m,expanding,expanding,-1.108,0.3197592670080728,0.3745754139429963,0.146809,0.6538043588823211,0.9955887395331636,0
Expanding,wing_slope,72,12m,expanding,expanding,-1.096,0.33465788636304145,0.368941586563456,0.148221,0.6538043588823211,0.9955887395331636,0
Expanding,wing_slope,120,12m,expanding,expanding,-7.965,-1.0529951514262044,0.8538283928677276,0.13379,0.900742040827493,0.9955887395331636,0
Expanding,wing_slope,48,1m,expanding,expanding,-1.09,-1.5427933449448803,0.9385595376407074,-0.0028,0.9992938016691973,0.9955887395331636,0
Expanding,wing_slope,60,1m,expanding,expanding,-0.946,-1.3055336415693004,0.904144400248208,-0.003278,0.9992938016691973,0.9955887395331636,0
Expanding,wing_slope,72,1m,expanding,expanding,-0.985,-1.2091331247879264,0.886694147506576,-0.003197,0.9992938016691973,0.9955887395331636,0
Expanding,wing_slope,120,1m,expanding,expanding,-1.009,-1.0136219382348948,0.844618407319759,-0.003973,0.9992938016691973,0.9955887395331636,0
Expanding,wing_slope,48,3m,expanding,expanding,-1.393,-0.9013101613991247,0.8162882837240091,-0.014378,0.9826253444871588,0.9955887395331636,0
Expanding,wing_slope,60,3m,expanding,expanding,-0.26,-0.032252071987699006,0.5128644848431936,-0.01564,0.9826253444871588,0.9955887395331636,0
Expanding,wing_slope,72,3m,expanding,expanding,-0.188,0.0633553043324327,0.47474178884281104,-0.015335,0.9826253444871588,0.9955887395331636,0
Expanding,wing_slope,120,3m,expanding,expanding,-0.023,0.17548273930892463,0.430350166186337,-0.015135,0.9826253444871588,0.9955887395331636,0
Expanding,wing_slope,48,6m,expanding,expanding,-2.168,-0.8196156178008757,0.793782366246013,-0.025331,0.8965071430543204,0.9955887395331636,0
Expanding,wing_slope,60,6m,expanding,expanding,-1.105,-0.28677230232855716,0.6128566639426566,-0.026589,0.8449110364940271,0.9955887395331636,0
Expanding,wing_slope,72,6m,expanding,expanding,-1.142,-0.2426110731711082,0.5958466488403696,-0.02389,0.8449110364940271,0.9955887395331636,0
Expanding,wing_slope,120,6m,expanding,expanding,-0.781,-0.1439394605223306,0.5572258624321131,-0.016148,0.8449110364940271,0.9955887395331636,0
Rolling,iv_100,48,12m,rolling,rolling,-8.608,0.47900410078126104,0.3159678556679548,0.610629,0.5141171888834519,0.7679218770664219,0
Rolling,iv_100,60,12m,rolling,rolling,-6.874,0.43522766798331347,0.3316985907435782,0.587957,0.5220174542849756,0.791132042518845,0
Rolling,iv_100,72,12m,rolling,rolling,-2.017,0.5394683498496882,0.29478186506700743,0.572467,0.4964747201128546,0.7496439482498732,0
Rolling,iv_100,120,12m,rolling,rolling,6.114,0.9409487439030766,0.17336556326717492,0.492942,0.4267460018884306,0.6434420074438287,0
Rolling,iv_100,48,1m,rolling,rolling,-15.688,-1.0577796435799993,0.854922042273165,0.106583,0.9999271463163794,0.9999271463163794,0
Rolling,iv_100,60,1m,rolling,rolling,-7.379,-0.6257887012738054,0.7342732281174805,0.100205,0.9999271463163794,0.9999271463163794,0
Rolling,iv_100,72,1m,rolling,rolling,-6.789,-0.5459806963554327,0.7074603967671914,0.089402,0.9999271463163794,0.9999271463163794,0
Rolling,iv_100,120,1m,rolling,rolling,-1.595,0.06249527366727589,0.47508421282589613,0.062062,0.9999271463163794,0.9060301144506683,0
Rolling,iv_100,48,3m,rolling,rolling,-19.669,-0.6535084241989708,0.7432857198664082,0.233908,0.9749849786839685,0.9999271463163794,0
Rolling,iv_100,60,3m,rolling,rolling,1.56,1.4747255094166682,0.07014317749768477,0.243962,0.46632194697509116,0.46493258330043513,0
Rolling,iv_100,72,3m,rolling,rolling,3.597,1.5515737803745864,0.06038212044086628,0.235314,0.46632194697509116,0.46493258330043513,0
Rolling,iv_100,120,3m,rolling,rolling,5.082,1.3682441577810176,0.08561783188009423,0.183272,0.46632194697509116,0.4743834806762392,0
Rolling,iv_100,48,6m,rolling,rolling,-14.066,0.05794902231410239,0.476894617270088,0.395964,0.7392483939032289,0.9060301144506683,0
Rolling,iv_100,60,6m,rolling,rolling,-4.092,0.7382548808261203,0.23017978936226763,0.4057,0.5368680066926715,0.7124144373060346,0
Rolling,iv_100,72,6m,rolling,rolling,-1.792,0.688881859119432,0.24544880815034206,0.400682,0.5368680066926715,0.7212883143351924,0
Rolling,iv_100,120,6m,rolling,rolling,7.078,1.0999871448905991,0.13566886147975216,0.346029,0.4341403567352069,0.5720778905071047,0
Rolling,iv_110,48,12m,rolling,rolling,3.167,1.2954321027126634,0.0975856048054698,1.175815,0.2927568144164094,0.4996382966040054,0
Rolling,iv_110,60,12m,rolling,rolling,-2.665,0.8427041844868554,0.19969695316631983,1.174129,0.4564501786658739,0.6757117533050381,0
Rolling,iv_110,72,12m,rolling,rolling,-1.333,0.725258885567998,0.2341466118075936,1.177732,0.47848850423131634,0.7124144373060346,0
Rolling,iv_110,120,12m,rolling,rolling,6.467,1.0936223201593507,0.13706032793399384,1.094162,0.35561598599090294,0.5720778905071047,0
Rolling,iv_110,48,1m,rolling,rolling,-21.28,-1.1495920139667504,0.8748440255305101,0.199135,0.9999271463163794,0.9999271463163794,0
Rolling,iv_110,60,1m,rolling,rolling,-12.953,-0.8165079669756709,0.7928951656181878,0.188339,0.9999271463163794,0.9999271463163794,0
Rolling,iv_110,72,1m,rolling,rolling,-11.958,-0.8061135222636554,0.7899113023276515,0.166356,0.9999271463163794,0.9999271463163794,0
Rolling,iv_110,120,1m,rolling,rolling,-1.056,0.2316009687648362,0.40842397750161646,0.126442,0.9999271463163794,0.8748529551676223,0
Rolling,iv_110,48,3m,rolling,rolling,-19.218,-0.5076956484093494,0.6941665996680433,0.424125,0.9749849786839685,0.9999271463163794,0
Rolling,iv_110,60,3m,rolling,rolling,2.854,1.4879121962581343,0.06838702542013625,0.440015,0.46632194697509116,0.46493258330043513,0
Rolling,iv_110,72,3m,rolling,rolling,4.45,1.482704143092186,0.06907651669497529,0.419774,0.46632194697509116,0.46493258330043513,0
Rolling,iv_110,120,3m,rolling,rolling,4.165,1.2174161198120645,0.11172296646278226,0.345729,0.46632194697509116,0.528691756358367,0
Rolling,iv_110,48,6m,rolling,rolling,-7.814,0.697928284054639,0.24261102250802571,0.704038,0.5368680066926715,0.7212883143351924,0
Rolling,iv_110,60,6m,rolling,rolling,0.824,1.1522760429604955,0.1246038291366367,0.739733,0.42301506211242906,0.5629161222172764,0
Rolling,iv_110,72,6m,rolling,rolling,1.735,1.0116576024136843,0.15585089693144133,0.758095,0.45123158912619804,0.6106810655272803,0
Rolling,iv_110,120,6m,rolling,rolling,7.129,1.185033704203528,0.11800206057551701,0.71862,0.41956288204628267,0.5394379912023635,0
Rolling,iv_120,48,12m,rolling,rolling,5.21,1.4149884319757005,0.07853594389728044,0.950651,0.25131502047129745,0.47121566338368265,0
Rolling,iv_120,60,12m,rolling,rolling,-3.277,0.6997464708581767,0.24204282471916172,0.896797,0.48408564943832344,0.7212883143351924,0
Rolling,iv_120,72,12m,rolling,rolling,-3.47,0.5537415229877392,0.28987787679426974,0.864079,0.4964747201128546,0.7470678167046951,0
Rolling,iv_120,120,12m,rolling,rolling,12.166,1.3627785582246108,0.0864761553316061,0.872065,0.26779712618819956,0.4743834806762392,0
Rolling,iv_120,48,1m,rolling,rolling,-11.068,-0.8805489070121013,0.8107189884462029,0.14027,0.9999271463163794,0.9999271463163794,0
Rolling,iv_120,60,1m,rolling,rolling,-2.056,-0.08519176986889472,0.5339455332555851,0.132279,0.9999271463163794,0.9653082445363206,0
Rolling,iv_120,72,1m,rolling,rolling,-1.281,0.1658534609788326,0.43413613645168403,0.117198,0.9999271463163794,0.891488109077255,0
Rolling,iv_120,120,1m,rolling,rolling,-1.112,0.20116908937473585,0.4202831802487992,0.086393,0.9999271463163794,0.8791151922001155,0
Rolling,iv_120,48,3m,rolling,rolling,-19.46,-0.6940760035109335,0.756182726763168,0.304898,0.9749849786839685,0.9999271463163794,0
Rolling,iv_120,60,3m,rolling,rolling,2.87,1.5093587191220774,0.06560356821550249,0.319338,0.46632194697509116,0.46493258330043513,0
Rolling,iv_120,72,3m,rolling,rolling,4.066,1.5133104219967684,0.06510041331158638,0.300007,0.46632194697509116,0.46493258330043513,0
Rolling,iv_120,120,3m,rolling,rolling,4.636,1.3890713229130343,0.08240553148887395,0.256453,0.46632194697509116,0.47330687154221746,0
Rolling,iv_120,48,6m,rolling,rolling,-7.642,0.6169333692068537,0.26863933783685146,0.643147,0.5386557311348193,0.7281139538098248,0
Rolling,iv_120,60,6m,rolling,rolling,-0.2,1.0333827890700014,0.1507123987723783,0.630643,0.45123158912619804,0.6091953803009817,0
Rolling,iv_120,72,6m,rolling,rolling,-0.186,0.8598404539364479,0.19493849807495067,0.60049,0.49247620566303324,0.6757117533050381,0
Rolling,iv_120,120,6m,rolling,rolling,10.196,1.364715280018057,0.08617127760586622,0.574098,0.33921571565401226,0.4743834806762392,0
Rolling,iv_80,48,12m,rolling,rolling,-17.544,-0.21053622172186282,0.583375407862582,0.35594,0.6794418533984953,0.9999271463163794,0
Rolling,iv_80,60,12m,rolling,rolling,-18.874,-0.2702765519580338,0.6065262484373308,0.326826,0.6850178805880442,0.9999271463163794,0
Rolling,iv_80,72,12m,rolling,rolling,-16.165,-0.3918848072349001,0.6524283354761993,0.265556,0.7282920954152922,0.9999271463163794,0
Rolling,iv_80,120,12m,rolling,rolling,-1.046,0.05313795885603069,0.4788109936840921,0.158324,0.5967805739642591,0.9060301144506683,0
Rolling,iv_80,48,1m,rolling,rolling,-18.898,-0.983402054239377,0.8372952001670895,0.067231,0.9999271463163794,0.9999271463163794,0
Rolling,iv_80,60,1m,rolling,rolling,-11.427,-0.8436934447915004,0.8005796342243573,0.061851,0.9999271463163794,0.9999271463163794,0
Rolling,iv_80,72,1m,rolling,rolling,-7.985,-0.7819893053490483,0.7828895706145297,0.050546,0.9999271463163794,0.9999271463163794,0
Rolling,iv_80,120,1m,rolling,rolling,-2.093,-0.6318458389885657,0.7362561913879337,0.03304,0.9999271463163794,0.9999271463163794,0
Rolling,iv_80,48,3m,rolling,rolling,-15.9,-0.9870569029578723,0.8381926281441694,0.158377,0.9749849786839685,0.9999271463163794,0
Rolling,iv_80,60,3m,rolling,rolling,-0.822,0.8034575162374465,0.21085517128866554,0.169401,0.6133968619306635,0.6980033256452377,0
Rolling,iv_80,72,3m,rolling,rolling,-0.259,0.7231679026252957,0.23478836795702202,0.146461,0.6439909521106889,0.7124144373060346,0
Rolling,iv_80,120,3m,rolling,rolling,2.792,1.1008168665683156,0.1354881847335068,0.096154,0.5005531498563894,0.5720778905071047,0
Rolling,iv_80,48,6m,rolling,rolling,-14.839,-0.010224062309186268,0.5040787396730405,0.290019,0.7392483939032289,0.9306069040117672,0
Rolling,iv_80,60,6m,rolling,rolling,-13.563,0.030599321609890626,0.4877945415873137,0.295843,0.7392483939032289,0.9154498124888635,0
Rolling,iv_80,72,6m,rolling,rolling,-13.302,-0.2213651242716064,0.5875959271890915,0.259149,0.8295471913257763,0.9999271463163794,0
Rolling,iv_80,120,6m,rolling,rolling,3.286,0.7520343262450815,0.22601520812431533,0.187632,0.5368680066926715,0.7124144373060346,0
Rolling,iv_90,48,12m,rolling,rolling,-8.928,0.40303205017438903,0.3434623234078849,0.547561,0.5308001277662032,0.8091382342860602,0
Rolling,iv_90,60,12m,rolling,rolling,-11.05,0.1905379247282432,0.424443813924974,0.539866,0.5738958610816549,0.8810077002550812,0
Rolling,iv_90,72,12m,rolling,rolling,-9.139,0.1040992466781144,0.4585452943376157,0.524282,0.5948695710325825,0.8983744542124715,0
Rolling,iv_90,120,12m,rolling,rolling,1.903,0.5470052699912693,0.2921875557764232,0.488489,0.4964747201128546,0.7480001427876434,0
Rolling,iv_90,48,1m,rolling,rolling,-19.49,-1.102177821757742,0.8648078140548792,0.096166,0.9999271463163794,0.9999271463163794,0
Rolling,iv_90,60,1m,rolling,rolling,-11.178,-0.8237625580037032,0.7949627569836222,0.092863,0.9999271463163794,0.9999271463163794,0
Rolling,iv_90,72,1m,rolling,rolling,-10.43,-0.7964744293778483,0.7871218338482718,0.082835,0.9999271463163794,0.9999271463163794,0
Rolling,iv_90,120,1m,rolling,rolling,-2.797,-0.3508471373466062,0.6371484841286708,0.055113,0.9999271463163794,0.9999271463163794,0
Rolling,iv_90,48,3m,rolling,rolling,-17.242,-0.7560264139727899,0.7751833204482383,0.219611,0.9749849786839685,0.9999271463163794,0
Rolling,iv_90,60,3m,rolling,rolling,1.196,1.3004513991085445,0.09672315165098479,0.235176,0.46632194697509116,0.4996382966040054,0
Rolling,iv_90,72,3m,rolling,rolling,2.735,1.2864157239940437,0.09914900682780153,0.224386,0.46632194697509116,0.5009634029194182,0
Rolling,iv_90,120,3m,rolling,rolling,4.516,1.229763255686498,0.10939288580034237,0.179001,0.46632194697509116,0.5250858518416434,0
Rolling,iv_90,48,6m,rolling,rolling,-11.82,0.14709215280667237,0.4415296418304948,0.362251,0.7308076830297845,0.8923546445416316,0
Rolling,iv_90,60,6m,rolling,rolling,-6.219,0.5106608967349258,0.30479426316667974,0.381758,0.565734607398495,0.7639218902451016,0
Rolling,iv_90,72,6m,rolling,rolling,-6.001,0.3129171327198363,0.3771718103762228,0.37485,0.6705276628910628,0.8392183372290132,0
Rolling,iv_90,120,6m,rolling,rolling,4.656,0.8848732683923527,0.18811249348946454,0.35044,0.4880756587834756,0.6750953037378914,0
Rolling,iv_skew_80_100,48,12m,rolling,rolling,-11.719,0.3898125435221765,0.3483375838465709,-0.269467,0.5308001277662032,0.8106765587702013,0
Rolling,iv_skew_80_100,60,12m,rolling,rolling,-12.065,0.34926860095772194,0.36344383436150063,-0.386887,0.5367785861339086,0.8307287642548585,0
Rolling,iv_skew_80_100,72,12m,rolling,rolling,-5.452,0.724889221626842,0.23425999686324864,-0.55044,0.47848850423131634,0.7124144373060346,0
Rolling,iv_skew_80_100,120,12m,rolling,rolling,4.068,0.8056263191134845,0.2102291726644872,-0.423465,0.46934885059978537,0.6980033256452377,0
Rolling,iv_skew_80_100,48,1m,rolling,rolling,-6.954,-2.3455698449051376,0.990500990630459,0.029906,0.9999271463163794,0.9999271463163794,0
Rolling,iv_skew_80_100,60,1m,rolling,rolling,-5.198,-2.044419391756945,0.9795439333946915,0.013538,0.9999271463163794,0.9999271463163794,0
Rolling,iv_skew_80_100,72,1m,rolling,rolling,-4.087,-1.8439538695174889,0.967405068334111,-0.007586,0.9999271463163794,0.9999271463163794,0
Rolling,iv_skew_80_100,120,1m,rolling,rolling,0.045,0.4227918877453359,0.33622355344763066,-0.027193,0.9999271463163794,0.7969743489129023,0
Rolling,iv_skew_80_100,48,3m,rolling,rolling,-13.261,-0.8730734016147195,0.8086884647119158,0.070909,0.9749849786839685,0.9999271463163794,0
Rolling,iv_skew_80_100,60,3m,rolling,rolling,-14.485,-1.3936990954751727,0.9182957552493114,0.024967,0.9749849786839685,0.9999271463163794,0
Rolling,iv_skew_80_100,72,3m,rolling,rolling,-10.866,-1.0941388673804915,0.8630529609216708,-0.039922,0.9749849786839685,0.9999271463163794,0
Rolling,iv_skew_80_100,120,3m,rolling,rolling,0.904,0.9469751198295983,0.17182572858658662,-0.071102,0.5688024118728384,0.6434420074438287,0
Rolling,iv_skew_80_100,48,6m,rolling,rolling,-18.224,-0.5513972375507854,0.7093193030170427,0.160937,0.906394525198817,0.9999271463163794,0
Rolling,iv_skew_80_100,60,6m,rolling,rolling,-23.866,-1.0514280095388835,0.8534689714167563,0.06728,0.9399974897192711,0.9999271463163794,0
Rolling,iv_skew_80_100,72,6m,rolling,rolling,-18.981,-0.7880679519282883,0.7846715200815958,-0.064007,0.92905947539421,0.9999271463163794,0
Rolling,iv_skew_80_100,120,6m,rolling,rolling,2.616,1.136920311985557,0.1277858000131296,-0.138823,0.42301506211242906,0.5705198441667889,0
Rolling,iv_skew_80_110,48,12m,rolling,rolling,-18.45,-0.8968283662651998,0.8150947454899821,0.146164,0.8598801710663547,0.9999271463163794,0
Rolling,iv_skew_80_110,60,12m,rolling,rolling,-6.446,0.05970398744029031,0.4761956979423188,0.033022,0.5967805739642591,0.9060301144506683,0
Rolling,iv_skew_80_110,72,12m,rolling,rolling,2.231,1.0229724413189525,0.1531604380473097,-0.105959,0.38693163296162447,0.6097891374788068,0
Rolling,iv_skew_80_110,120,12m,rolling,rolling,-6.564,-0.4743786223214972,0.6823850326353142,-0.306629,0.7529765877355191,0.9999271463163794,0
Rolling,iv_skew_80_110,48,1m,rolling,rolling,-10.621,-1.1174651588040996,0.8681022556871307,0.099105,0.9999271463163794,0.9999271463163794,0
Rolling,iv_skew_80_110,60,1m,rolling,rolling,-7.6,-1.2522521336242707,0.8947609976660588,0.079341,0.9999271463163794,0.9999271463163794,0
Rolling,iv_skew_80_110,72,1m,rolling,rolling,-4.788,-1.0746628093033437,0.8587371398987136,0.057319,0.9999271463163794,0.9999271463163794,0
Rolling,iv_skew_80_110,120,1m,rolling,rolling,-1.477,-0.8813928178762628,0.8109473781752785,0.025364,0.9999271463163794,0.9999271463163794,0
Rolling,iv_skew_80_110,48,3m,rolling,rolling,-13.278,-0.7671129897345221,0.7784928302952805,0.32281,0.9749849786839685,0.9999271463163794,0
Rolling,iv_skew_80_110,60,3m,rolling,rolling,-8.944,-0.4772150767133041,0.6833955118669301,0.272696,0.9749849786839685,0.9999271463163794,0
Rolling,iv_skew_80_110,72,3m,rolling,rolling,-6.521,-0.2551055900487853,0.6006792266274507,0.208867,0.9749849786839685,0.9999271463163794,0
Rolling,iv_skew_80_110,120,3m,rolling,rolling,-0.229,0.2151454904410657,0.4148269439971141,0.074802,0.9050769687209762,0.8791151922001155,0
Rolling,iv_skew_80_110,48,6m,rolling,rolling,-22.802,-0.5756151550926293,0.7175623324490635,0.475683,0.906394525198817,0.9999271463163794,0
Rolling,iv_skew_80_110,60,6m,rolling,rolling,-21.528,-0.7798754467931485,0.7822679039984277,0.376969,0.92905947539421,0.9999271463163794,0
Rolling,iv_skew_80_110,72,6m,rolling,rolling,-16.278,-0.7638742767223098,0.7775289160379164,0.253824,0.92905947539421,0.9999271463163794,0
Rolling,iv_skew_80_110,120,6m,rolling,rolling,-1.141,-0.17161843129982957,0.5681312418191267,0.027394,0.8140387942483008,0.9916472584479301,0
Rolling,iv_skew_80_120,48,12m,rolling,rolling,-17.526,-1.4673926490069746,0.9288653634786932,-0.079076,0.930960579033112,0.9999271463163794,0
Rolling,iv_skew_80_120,60,12m,rolling,rolling,-4.249,-0.10162306374047618,0.5404720639981996,-0.167237,0.6405594832571263,0.9653082445363206,0
Rolling,iv_skew_80_120,72,12m,rolling,rolling,2.879,1.122880472758135,0.13074413095488913,-0.265289,0.3486510158797043,0.5705198441667889,0
Rolling,iv_skew_80_120,120,12m,rolling,rolling,-2.839,0.02230913588295323,0.4911006806580881,-0.4026,0.5967805739642591,0.9154498124888635,0
Rolling,iv_skew_80_120,48,1m,rolling,rolling,-9.152,-1.5132291783645397,0.934889272492724,0.055776,0.9999271463163794,0.9999271463163794,0
Rolling,iv_skew_80_120,60,1m,rolling,rolling,-7.722,-1.1312440173673466,0.8710238000444432,0.046103,0.9999271463163794,0.9999271463163794,0
Rolling,iv_skew_80_120,72,1m,rolling,rolling,-6.482,-1.2210291890116571,0.888962515834964,0.032933,0.9999271463163794,0.9999271463163794,0
Rolling,iv_skew_80_120,120,1m,rolling,rolling,-1.942,-1.0339136323215796,0.8494117293079946,0.005447,0.9999271463163794,0.9999271463163794,0
Rolling,iv_skew_80_120,48,3m,rolling,rolling,-11.406,-1.9003134799593395,0.9713040033021819,0.169426,0.9749849786839685,0.9999271463163794,0
Rolling,iv_skew_80_120,60,3m,rolling,rolling,-7.508,-1.5092814707782312,0.9343865660916563,0.139877,0.9749849786839685,0.9999271463163794,0
Rolling,iv_skew_80_120,72,3m,rolling,rolling,-5.944,-1.392773670711531,0.9181558786602936,0.103653,0.9749849786839685,0.9999271463163794,0
Rolling,iv_skew_80_120,120,3m,rolling,rolling,-0.67,-0.30402903459071795,0.6194471144432689,0.025267,0.9749849786839685,0.9999271463163794,0
Rolling,iv_skew_80_120,48,6m,rolling,rolling,-20.982,-1.2152879556350586,0.887871857992971,0.258715,0.9399974897192711,0.9999271463163794,0
Rolling,iv_skew_80_120,60,6m,rolling,rolling,-18.928,-1.4078631971178748,0.920414208683453,0.189235,0.9399974897192711,0.9999271463163794,0
Rolling,iv_skew_80_120,72,6m,rolling,rolling,-14.356,-1.6201567621980655,0.9474006966203352,0.105618,0.9474006966203352,0.9999271463163794,0
Rolling,iv_skew_80_120,120,6m,rolling,rolling,-0.469,0.05274122770964845,0.47896904487886877,-0.028867,0.7392483939032289,0.9060301144506683,0
Rolling,iv_skew_90_100,48,12m,rolling,rolling,10.071,2.541825386490761,0.005513762460874317,-0.624878,0.03780865687456674,0.1176269324986521,1
Rolling,iv_skew_90_100,60,12m,rolling,rolling,8.334,3.489940365656875,2.4156417205682763e-4,-0.426854,0.005797540129363863,0.02319016051745545,1
Rolling,iv_skew_90_100,72,12m,rolling,rolling,6.429,2.9142068319790293,0.0017829678154055294,-0.255312,0.019018323364325646,0.06224178555597484,1
Rolling,iv_skew_90_100,120,12m,rolling,rolling,4.305,1.898238102118968,0.028832361842785984,-0.040836,0.1456793019424976,0.4428650779051927,0
Rolling,iv_skew_90_100,48,1m,rolling,rolling,-3.79,-1.1407882632970916,0.8730209770503577,-0.322485,0.9999271463163794,0.9999271463163794,0
Rolling,iv_skew_90_100,60,1m,rolling,rolling,-2.502,-0.06600606040760425,0.5263134997641349,-0.296165,0.9999271463163794,0.9578406820352028,0
Rolling,iv_skew_90_100,72,1m,rolling,rolling,-1.84,0.13374407248478484,0.44680247670411244,-0.268111,0.9999271463163794,0.8960681148326142,0
Rolling,iv_skew_90_100,120,1m,rolling,rolling,-0.933,-0.03609355598962692,0.5143961197214748,-0.167836,0.9999271463163794,0.9406100474906968,0
Rolling,iv_skew_90_100,48,3m,rolling,rolling,-5.905,0.12944842186359443,0.4485014174266751,-0.500516,0.9100691791268737,0.8960681148326142,0
Rolling,iv_skew_90_100,60,3m,rolling,rolling,-4.599,0.318013320398072,0.3752374164056886,-0.442546,0.8377393482545605,0.8392183372290132,0
Rolling,iv_skew_90_100,72,3m,rolling,rolling,-2.792,0.5721424523650618,0.2836127353695778,-0.37251,0.6806705648869867,0.7408659209654277,0
Rolling,iv_skew_90_100,120,3m,rolling,rolling,0.183,0.8460327169691801,0.19876724653718686,-0.17768,0.5963017396115606,0.6757117533050381,0
Rolling,iv_skew_90_100,48,6m,rolling,rolling,-3.685,1.8625889331019376,0.031260061284169756,-0.569353,0.3183777472600806,0.44535423335338464,0
Rolling,iv_skew_90_100,60,6m,rolling,rolling,-2.802,1.4572721635746013,0.07252063377906517,-0.469932,0.3183777472600806,0.46493258330043513,0
Rolling,iv_skew_90_100,72,6m,rolling,rolling,0.251,1.647654629930427,0.049711781596872014,-0.346373,0.3183777472600806,0.46493258330043513,0
Rolling,iv_skew_90_100,120,6m,rolling,rolling,0.748,1.442985544808702,0.0745122716434851,-0.093803,0.3183777472600806,0.46493258330043513,0
Rolling,iv_skew_90_110,48,12m,rolling,rolling,-13.112,-0.648476176053225,0.7416614925532137,0.206369,0.7911055920567612,0.9999271463163794,0
Rolling,iv_skew_90_110,60,12m,rolling,rolling,-12.474,-0.5783301125940201,0.7184793660655568,0.269953,0.7749889791268928,0.9999271463163794,0
Rolling,iv_skew_90_110,72,12m,rolling,rolling,-1.669,0.3029680554332218,0.3809571031115363,0.222788,0.5399382684377843,0.8392183372290132,0
Rolling,iv_skew_90_110,120,12m,rolling,rolling,0.959,0.4906640965657488,0.31183202208010335,0.105845,0.5141171888834519,0.7639218902451016,0
Rolling,iv_skew_90_110,48,1m,rolling,rolling,-10.57,-1.0597381260200038,0.8553681236903401,0.051456,0.9999271463163794,0.9999271463163794,0
Rolling,iv_skew_90_110,60,1m,rolling,rolling,-7.586,-1.0059777008074648,0.8427868515309084,0.065302,0.9999271463163794,0.9999271463163794,0
Rolling,iv_skew_90_110,72,1m,rolling,rolling,-6.081,-0.8641285929486433,0.8062413733288474,0.065615,0.9999271463163794,0.9999271463163794,0
Rolling,iv_skew_90_110,120,1m,rolling,rolling,-3.478,-0.7601616136372432,0.7764210064525101,0.05268,0.9999271463163794,0.9999271463163794,0
Rolling,iv_skew_90_110,48,3m,rolling,rolling,-4.501,0.1528080674717298,0.43927481776733324,0.301334,0.9100691791268737,0.8923546445416316,0
Rolling,iv_skew_90_110,60,3m,rolling,rolling,-2.364,0.6304346677702746,0.2642051174259482,0.346882,0.6623315963139496,0.7281139538098248,0
Rolling,iv_skew_90_110,72,3m,rolling,rolling,-1.062,0.6545563026933747,0.2563767329876953,0.338752,0.6623315963139496,0.7281139538098248,0
Rolling,iv_skew_90_110,120,3m,rolling,rolling,2.584,1.0836640824564228,0.13925688318975113,0.271635,0.5005531498563894,0.5749961628480047,0
Rolling,iv_skew_90_110,48,6m,rolling,rolling,-7.006,0.1130228818113789,0.45500620719234003,0.453262,0.7392483939032289,0.8960681148326142,0
Rolling,iv_skew_90_110,60,6m,rolling,rolling,-10.739,-0.38062868250106685,0.6482606024880283,0.495622,0.8765213780119819,0.9999271463163794,0
Rolling,iv_skew_90_110,72,6m,rolling,rolling,-8.056,-0.31683400842739046,0.6243152211985015,0.446401,0.8686124816674803,0.9999271463163794,0
Rolling,iv_skew_90_110,120,6m,rolling,rolling,1.849,0.6114257769455553,0.2704588709867878,0.32453,0.5386557311348193,0.7281139538098248,0
Rolling,iv_skew_90_120,48,12m,rolling,rolling,-13.684,-1.3196063024882758,0.9065167512299104,0.166877,0.930960579033112,0.9999271463163794,0
Rolling,iv_skew_90_120,60,12m,rolling,rolling,-8.826,-1.1624185539628693,0.8774672548557114,0.220823,0.9156180050668293,0.9999271463163794,0
Rolling,iv_skew_90_120,72,12m,rolling,rolling,-1.535,0.22787014288189816,0.40987359732331663,0.212044,0.5702589180150492,0.8748529551676223,0
Rolling,iv_skew_90_120,120,12m,rolling,rolling,2.447,0.7628391367064794,0.22277966876543176,0.068979,0.4752632933662544,0.7124144373060346,0
Rolling,iv_skew_90_120,48,1m,rolling,rolling,-11.271,-1.3152901187283752,0.9057937911212219,0.015713,0.9999271463163794,0.9999271463163794,0
Rolling,iv_skew_90_120,60,1m,rolling,rolling,-8.824,-1.119807022669323,0.8686019969985509,0.031143,0.9999271463163794,0.9999271463163794,0
Rolling,iv_skew_90_120,72,1m,rolling,rolling,-7.872,-1.0383477180830252,0.8504458997414869,0.036908,0.9999271463163794,0.9999271463163794,0
Rolling,iv_skew_90_120,120,1m,rolling,rolling,-3.34,-0.7272733520490411,0.7664707404709652,0.0224,0.9999271463163794,0.9999271463163794,0
Rolling,iv_skew_90_120,48,3m,rolling,rolling,-6.949,-0.972151836555358,0.8345124913841009,0.169602,0.9749849786839685,0.9999271463163794,0
Rolling,iv_skew_90_120,60,3m,rolling,rolling,-4.821,-0.39772570175758293,0.6545838051139838,0.207983,0.9749849786839685,0.9999271463163794,0
Rolling,iv_skew_90_120,72,3m,rolling,rolling,-3.342,-0.12549174644328953,0.5499328706146086,0.212127,0.9749849786839685,0.9731530982304595,0
Rolling,iv_skew_90_120,120,3m,rolling,rolling,0.75,0.8541583044130336,0.19650864114081576,0.154365,0.5963017396115606,0.6757117533050381,0
Rolling,iv_skew_90_120,48,6m,rolling,rolling,-9.772,-0.8188767616835337,0.7935716352325544,0.313334,0.92905947539421,0.9999271463163794,0
Rolling,iv_skew_90_120,60,6m,rolling,rolling,-9.888,-1.115618816366112,0.8677073328497665,0.366084,0.9399974897192711,0.9999271463163794,0
Rolling,iv_skew_90_120,72,6m,rolling,rolling,-8.516,-1.269199496813783,0.8978150397527164,0.349924,0.9399974897192711,0.9999271463163794,0
Rolling,iv_skew_90_120,120,6m,rolling,rolling,0.615,0.5285702792194704,0.2985517911038613,0.220187,0.565734607398495,0.7542361038413338,0
Rolling,log_curve_quad,48,12m,rolling,rolling,-19.317,-0.2607515124609203,0.6028579307172828,-7.27e-4,0.6850178805880442,0.9999271463163794,0
Rolling,log_curve_quad,60,12m,rolling,rolling,-13.271,0.19871537990534344,0.42124269626255534,-7.21e-4,0.5738958610816549,0.8791151922001155,0
Rolling,log_curve_quad,72,12m,rolling,rolling,-6.163,0.5626114778564274,0.2868497372613812,-4.8e-4,0.4964747201128546,0.7442587777592593,0
Rolling,log_curve_quad,120,12m,rolling,rolling,4.989,1.5796538985356494,0.057093074353700146,-0.001471,0.22384891056501968,0.46493258330043513,0
Rolling,log_curve_quad,48,1m,rolling,rolling,-7.84,-1.232421186285648,0.8911041046041391,-9.4e-5,0.9999271463163794,0.9999271463163794,0
Rolling,log_curve_quad,60,1m,rolling,rolling,-5.569,-0.8434060803894161,0.8004993137574614,-9.3e-5,0.9999271463163794,0.9999271463163794,0
Rolling,log_curve_quad,72,1m,rolling,rolling,-4,-0.4984383918042355,0.6909124587036033,-9e-5,0.9999271463163794,0.9999271463163794,0
Rolling,log_curve_quad,120,1m,rolling,rolling,0.366,0.8394731439927732,0.20060192676243319,-2.46e-4,0.9999271463163794,0.6757117533050381,0
Rolling,log_curve_quad,48,3m,rolling,rolling,-19.587,-0.7686348388719912,0.7789449412683447,-8.36e-4,0.9749849786839685,0.9999271463163794,0
Rolling,log_curve_quad,60,3m,rolling,rolling,-13.804,-0.09542964720477316,0.5380132157672777,-7.74e-4,0.9749849786839685,0.9653082445363206,0
Rolling,log_curve_quad,72,3m,rolling,rolling,-5.513,0.39234480234074687,0.34740173219375825,-6.36e-4,0.8134284461122144,0.8106765587702013,0
Rolling,log_curve_quad,120,3m,rolling,rolling,2.662,1.5582188611519094,0.05959068768473288,-7.13e-4,0.46632194697509116,0.46493258330043513,0
Rolling,log_curve_quad,48,6m,rolling,rolling,-21.937,-1.1166327250526842,0.8679243033144237,-0.001438,0.9399974897192711,0.9999271463163794,0
Rolling,log_curve_quad,60,6m,rolling,rolling,-19.208,-0.468226270186936,0.6801886061570362,-0.001229,0.8944946053571983,0.9999271463163794,0
Rolling,log_curve_quad,72,6m,rolling,rolling,-6.722,0.22732035616736315,0.41008732273482296,-8.55e-4,0.7030068389739822,0.8748529551676223,0
Rolling,log_curve_quad,120,6m,rolling,rolling,2.72,1.3510642507498518,0.0883374259515657,-8.42e-4,0.33921571565401226,0.4777686135972004,0
Rolling,log_slope_quad,48,12m,rolling,rolling,13.454,2.713941509587342,0.0033243952143099465,0.103331,0.026595161714479572,0.08746494759241857,1
Rolling,log_slope_quad,60,12m,rolling,rolling,15.15,2.9601166174616678,0.0015376130529895205,0.102755,0.018451356635874244,0.06224178555597484,1
Rolling,log_slope_quad,72,12m,rolling,rolling,16.482,3.1923786055090764,7.055312178528066e-4,0.105915,0.01313191420016074,0.05252765680064296,1
Rolling,log_slope_quad,120,12m,rolling,rolling,9.688,3.1484319675388277,8.207446375100463e-4,0.10639,0.01313191420016074,0.05252765680064296,1
Rolling,log_slope_quad,48,1m,rolling,rolling,-4.036,-2.9086485660454593,0.9981850267114567,7.88e-4,0.9999271463163794,0.9999271463163794,0
Rolling,log_slope_quad,60,1m,rolling,rolling,-2.324,-3.798273716051364,0.9999271463163794,0.001047,0.9999271463163794,0.9999271463163794,0
Rolling,log_slope_quad,72,1m,rolling,rolling,-1.732,-2.522359932758591,0.9941714818178834,0.001444,0.9999271463163794,0.9999271463163794,0
Rolling,log_slope_quad,120,1m,rolling,rolling,-1.206,-1.9923748363832643,0.9768350269114561,0.002157,0.9999271463163794,0.9999271463163794,0
Rolling,log_slope_quad,48,3m,rolling,rolling,-6.423,-1.959707033285094,0.9749849786839685,0.001398,0.9749849786839685,0.9999271463163794,0
Rolling,log_slope_quad,60,3m,rolling,rolling,-1.667,-0.43467055187506987,0.6680992117926664,0.003541,0.9749849786839685,0.9999271463163794,0
Rolling,log_slope_quad,72,3m,rolling,rolling,-1.676,-0.12493979124629323,0.5497143918466416,0.005577,0.9749849786839685,0.9731530982304595,0
Rolling,log_slope_quad,120,3m,rolling,rolling,-0.927,-0.14280268664062548,0.5567769924009596,0.008357,0.9749849786839685,0.9762665072236003,0
Rolling,log_slope_quad,48,6m,rolling,rolling,-0.682,1.531886043191494,0.06277527909840462,0.037972,0.3183777472600806,0.46493258330043513,0
Rolling,log_slope_quad,60,6m,rolling,rolling,4.386,2.7048657929672513,0.0034165995153288505,0.039444,0.10617831468499084,0.08746494759241857,0
Rolling,log_slope_quad,72,6m,rolling,rolling,4.179,2.6178645138481222,0.004424096445207952,0.041648,0.10617831468499084,0.10617831468499084,0
Rolling,log_slope_quad,120,6m,rolling,rolling,2.659,1.8430799536495166,0.03265866886410631,0.042368,0.3183777472600806,0.44535423335338464,0
Rolling,skew_curve_quad,48,12m,rolling,rolling,-11.949,0.3587717294638032,0.3598829315991535,-0.006968,0.5367785861339086,0.8275152439166165,0
Rolling,skew_curve_quad,60,12m,rolling,rolling,-13.355,0.0767867810087985,0.4693965834575848,-0.007824,0.5967805739642591,0.9060301144506683,0
Rolling,skew_curve_quad,72,12m,rolling,rolling,-9.654,0.16872489255421685,0.4330065190297994,-0.01128,0.5773420253730659,0.891488109077255,0
Rolling,skew_curve_quad,120,12m,rolling,rolling,3.189,0.86137758505496,0.19451505861717816,-0.009802,0.4554498933475391,0.6757117533050381,0
Rolling,skew_curve_quad,48,1m,rolling,rolling,-12.193,-1.551802647584269,0.9396452738677792,6.81e-4,0.9999271463163794,0.9999271463163794,0
Rolling,skew_curve_quad,60,1m,rolling,rolling,-8.227,-1.67734457765759,0.9532624398623792,7.48e-4,0.9999271463163794,0.9999271463163794,0
Rolling,skew_curve_quad,72,1m,rolling,rolling,-6.597,-1.4275368432277427,0.9232873933609673,3.04e-4,0.9999271463163794,0.9999271463163794,0
Rolling,skew_curve_quad,120,1m,rolling,rolling,-0.287,0.45906954835162533,0.32309211173755265,-6.26e-4,0.9999271463163794,0.7802979302340893,0
Rolling,skew_curve_quad,48,3m,rolling,rolling,-19.934,-0.6646735657371581,0.7468703475736699,4.29e-4,0.9749849786839685,0.9999271463163794,0
Rolling,skew_curve_quad,60,3m,rolling,rolling,-15.782,-1.4123371505382452,0.9210746437250537,9.22e-4,0.9749849786839685,0.9999271463163794,0
Rolling,skew_curve_quad,72,3m,rolling,rolling,-12.388,-0.8326708864136441,0.7974848158399381,-4.66e-4,0.9749849786839685,0.9999271463163794,0
Rolling,skew_curve_quad,120,3m,rolling,rolling,0.469,0.974364629064382,0.16493776267944896,-0.002073,0.5655009006152535,0.633361008689084,0
Rolling,skew_curve_quad,48,6m,rolling,rolling,-21.638,-0.6622221041536094,0.7460855549555494,-8.05e-4,0.9182591445606763,0.9999271463163794,0
Rolling,skew_curve_quad,60,6m,rolling,rolling,-19.638,-1.0583860199603725,0.8550602548224119,2.9e-5,0.9399974897192711,0.9999271463163794,0
Rolling,skew_curve_quad,72,6m,rolling,rolling,-12.775,-0.5587053631610671,0.7118185907399289,-0.002144,0.906394525198817,0.9999271463163794,0
Rolling,skew_curve_quad,120,6m,rolling,rolling,1.547,0.9604012129105138,0.16842666395221167,-0.00353,0.46197027826892345,0.6403548411648443,0
Rolling,skew_ratio_80_100,48,12m,rolling,rolling,-7.419,0.7853151518985241,0.2161344071159721,-0.169213,0.4715659791621209,0.7093642079703699,0
Rolling,skew_ratio_80_100,60,12m,rolling,rolling,-2.608,1.265779859317386,0.10279595388704199,-0.150097,0.2990427749441222,0.5029104910036266,0
Rolling,skew_ratio_80_100,72,12m,rolling,rolling,3.419,1.5052995572304242,0.06612353949346043,-0.129795,0.23510591819897042,0.46493258330043513,0
Rolling,skew_ratio_80_100,120,12m,rolling,rolling,7.361,1.9928135421004858,0.02314093416022982,-0.089433,0.1234183155212257,0.37025494656367713,0
Rolling,skew_ratio_80_100,48,1m,rolling,rolling,-8.057,-1.458114496891483,0.9275955069197273,-0.013047,0.9999271463163794,0.9999271463163794,0
Rolling,skew_ratio_80_100,60,1m,rolling,rolling,-4.137,-0.27447022994183967,0.6081383607356777,-0.009811,0.9999271463163794,0.9999271463163794,0
Rolling,skew_ratio_80_100,72,1m,rolling,rolling,-2.587,0.3037445744584185,0.38066124793664274,-0.0077210000000000004,0.9999271463163794,0.8392183372290132,0
Rolling,skew_ratio_80_100,120,1m,rolling,rolling,0.753,0.9374423068594555,0.1742655436827036,-0.009598,0.9999271463163794,0.6434420074438287,0
Rolling,skew_ratio_80_100,48,3m,rolling,rolling,-19.345,-0.573445167466958,0.7168283422862897,-0.057449,0.9749849786839685,0.9999271463163794,0
Rolling,skew_ratio_80_100,60,3m,rolling,rolling,-11.014,1.0768189743796395,0.14078057339710953,-0.044769,0.5005531498563894,0.5751036189839368,0
Rolling,skew_ratio_80_100,72,3m,rolling,rolling,-0.995,1.3225619159829747,0.0929905531169735,-0.034101,0.46632194697509116,0.48915578625914824,0
Rolling,skew_ratio_80_100,120,3m,rolling,rolling,3.978,1.814592220180674,0.034793299480733175,-0.02807,0.46632194697509116,0.44535423335338464,0
Rolling,skew_ratio_80_100,48,6m,rolling,rolling,-19.374,-0.02063921461332073,0.5082332708084699,-0.118185,0.7392483939032289,0.9337874449303946,0
Rolling,skew_ratio_80_100,60,6m,rolling,rolling,-16.136,0.613455417285416,0.26978762645405086,-0.09379,0.5386557311348193,0.7281139538098248,0
Rolling,skew_ratio_80_100,72,6m,rolling,rolling,-1.032,1.0192789513863798,0.15403527691521943,-0.07141,0.45123158912619804,0.6097891374788068,0
Rolling,skew_ratio_80_100,120,6m,rolling,rolling,5.291,1.7522001399862959,0.03986969979985471,-0.045083,0.3183777472600806,0.4639383249437639,0
Rolling,skew_ratio_80_110,48,12m,rolling,rolling,14.738,2.7690686410363043,0.0028108395094493654,-0.398042,0.024530962991558096,0.08302787474065818,1
Rolling,skew_ratio_80_110,60,12m,rolling,rolling,20.591,2.8583053307282538,0.0021295517548322444,-0.400508,0.020443696846389546,0.06814565615463182,1
Rolling,skew_ratio_80_110,72,12m,rolling,rolling,21.742,3.0218160467620065,0.0012563159518431575,-0.396951,0.017229475910991873,0.06224178555597484,1
Rolling,skew_ratio_80_110,120,12m,rolling,rolling,-5.459,0.452574896495608,0.325427439316511,-0.229994,0.5206839029064176,0.7810258543596265,0
Rolling,skew_ratio_80_110,48,1m,rolling,rolling,-6.113,-2.3764815939575934,0.9912606833023072,-0.012028,0.9999271463163794,0.9999271463163794,0
Rolling,skew_ratio_80_110,60,1m,rolling,rolling,-3.413,-1.467303010085845,0.9288531773750851,-0.01461,0.9999271463163794,0.9999271463163794,0
Rolling,skew_ratio_80_110,72,1m,rolling,rolling,-3.031,-0.41225734231594124,0.6599245942715534,-0.016858,0.9999271463163794,0.9999271463163794,0
Rolling,skew_ratio_80_110,120,1m,rolling,rolling,-0.067,0.37234470165859007,0.3548181101317667,-0.010744,0.9999271463163794,0.8207840619915566,0
Rolling,skew_ratio_80_110,48,3m,rolling,rolling,-8.709,-0.2966298960859742,0.6166254580875802,-0.04857,0.9749849786839685,0.9999271463163794,0
Rolling,skew_ratio_80_110,60,3m,rolling,rolling,-1.942,0.8899490941492889,0.18674661041730814,-0.05827,0.5963017396115606,0.6750953037378914,0
Rolling,skew_ratio_80_110,72,3m,rolling,rolling,-3.049,1.2620613471967654,0.10346335622210028,-0.062976,0.46632194697509116,0.5029104910036266,0
Rolling,skew_ratio_80_110,120,3m,rolling,rolling,-0.026,0.6642849598105365,0.253253972677379,-0.034888,0.6623315963139496,0.7281139538098248,0
Rolling,skew_ratio_80_110,48,6m,rolling,rolling,-1.074,1.4981583169381074,0.06704606127249017,-0.172577,0.3183777472600806,0.46493258330043513,0
Rolling,skew_ratio_80_110,60,6m,rolling,rolling,6.143,2.411622342381281,0.0079408612794931,-0.177943,0.1524645365662675,0.1524645365662675,0
Rolling,skew_ratio_80_110,72,6m,rolling,rolling,5.541,2.342241071806982,0.009584164632973112,-0.178078,0.1533466341275698,0.17525329614579405,0
Rolling,skew_ratio_80_110,120,6m,rolling,rolling,-0.155,0.6869265642374898,0.24606450306747446,-0.100966,0.5368680066926715,0.7212883143351924,0
Rolling,skew_ratio_80_120,48,12m,rolling,rolling,18.205,4.051110464229769,2.5487566765615476e-5,-0.296832,0.001223403204749543,0.004893612818998172,1
Rolling,skew_ratio_80_120,60,12m,rolling,rolling,22.655,3.7001042111953653,1.0775547515084936e-4,-0.302788,0.0034481752048271795,0.013792700819308718,1
Rolling,skew_ratio_80_120,72,12m,rolling,rolling,23.468,4.290294813546557,8.9218041391492e-6,-0.312613,8.564931973583231e-4,0.0034259727894332924,1
Rolling,skew_ratio_80_120,120,12m,rolling,rolling,2.915,1.5352612029015333,0.06235984001073176,-0.257156,0.2302517169627019,0.46493258330043513,0
Rolling,skew_ratio_80_120,48,1m,rolling,rolling,-4.888,-2.3812037602372538,0.9913719180136096,-0.005563,0.9999271463163794,0.9999271463163794,0
Rolling,skew_ratio_80_120,60,1m,rolling,rolling,-2.668,-1.7316626066200898,0.9583331739320272,-0.007979,0.9999271463163794,0.9999271463163794,0
Rolling,skew_ratio_80_120,72,1m,rolling,rolling,-2.249,-0.4614672584790243,0.6777682967170466,-0.010758,0.9999271463163794,0.9999271463163794,0
Rolling,skew_ratio_80_120,120,1m,rolling,rolling,-0.598,-0.1379981066935678,0.5548790430642112,-0.012293,0.9999271463163794,0.9762665072236003,0
Rolling,skew_ratio_80_120,48,3m,rolling,rolling,-7.282,-0.950101082732166,0.828969553442019,-0.020935,0.9749849786839685,0.9999271463163794,0
Rolling,skew_ratio_80_120,60,3m,rolling,rolling,-1.315,0.7355970839915984,0.23098796885749817,-0.032031,0.6439909521106889,0.7124144373060346,0
Rolling,skew_ratio_80_120,72,3m,rolling,rolling,-1.009,1.595888875639039,0.05525680281697903,-0.041586,0.46632194697509116,0.46493258330043513,0
Rolling,skew_ratio_80_120,120,3m,rolling,rolling,-0.628,0.6156214029488477,0.26907221100254197,-0.040045,0.6623315963139496,0.7281139538098248,0
Rolling,skew_ratio_80_120,48,6m,rolling,rolling,-0.074,1.52262112828178,0.0639267603410779,-0.109617,0.3183777472600806,0.46493258330043513,0
Rolling,skew_ratio_80_120,60,6m,rolling,rolling,6.758,2.9296846164772727,0.0016965309460263945,-0.121535,0.08143348540926694,0.06224178555597484,1
Rolling,skew_ratio_80_120,72,6m,rolling,rolling,6.197,2.9378744873558946,0.0016523539188058691,-0.132546,0.08143348540926694,0.06224178555597484,1
Rolling,skew_ratio_80_120,120,6m,rolling,rolling,1.797,1.432069621267431,0.07606194873980122,-0.109771,0.3183777472600806,0.46493258330043513,0
Rolling,skew_ratio_90_100,48,12m,rolling,rolling,-10.836,0.1207497366765709,0.4519446315035101,-0.187669,0.59433814553886255,0.8960681148326142,0
Rolling,skew_ratio_90_100,60,12m,rolling,rolling,1.582,1.569257399898488,0.05829398712630721,-0.153276,0.22384891056501968,0.46493258330043513,0
Rolling,skew_ratio_90_100,72,12m,rolling,rolling,7.231,2.1009848811295453,0.01782114672211984,-0.123796,0.1006370638425591,0.2975356670127834,0
Rolling,skew_ratio_90_100,120,12m,rolling,rolling,10.26,2.5640056370016806,0.0051735932035875554,-0.084153,0.03780865687456674,0.11686234059868361,1
Rolling,skew_ratio_90_100,48,1m,rolling,rolling,-7.044,-0.9312311259466639,0.8241329898464221,-0.031549,0.9999271463163794,0.9999271463163794,0
Rolling,skew_ratio_90_100,60,1m,rolling,rolling,-2.581,0.5042521850105852,0.30704208662780264,-0.028026,0.9999271463163794,0.7639218902451016,0
Rolling,skew_ratio_90_100,72,1m,rolling,rolling,-1.384,0.7313244898239851,0.23229048765780577,-0.023663,0.9999271463163794,0.7124144373060346,0
Rolling,skew_ratio_90_100,120,1m,rolling,rolling,0.329,0.5815365093373285,0.2804394597518154,-0.015938,0.9999271463163794,0.737594195511624,0
Rolling,skew_ratio_90_100,48,3m,rolling,rolling,-17.536,-0.8249188547757492,0.7952911694665951,-0.084276,0.9749849786839685,0.9999271463163794,0
Rolling,skew_ratio_90_100,60,3m,rolling,rolling,-4.207,1.1082924393183855,0.1338677698345631,-0.078508,0.5005531498563894,0.5720778905071047,0
Rolling,skew_ratio_90_100,72,3m,rolling,rolling,-0.329,1.3267526052533458,0.09229526654590214,-0.068414,0.46632194697509116,0.48915578625914824,0
Rolling,skew_ratio_90_100,120,3m,rolling,rolling,5.349,1.7744087299221112,0.037997783444969735,-0.043948,0.46632194697509116,0.4559734013396368,0
Rolling,skew_ratio_90_100,48,6m,rolling,rolling,-20.565,-0.6138313143960817,0.7303365989682544,-0.142437,0.9105495259863952,0.9999271463163794,0
Rolling,skew_ratio_90_100,60,6m,rolling,rolling,-7.87,0.500496590229607,0.30836272823491107,-0.124193,0.565734607398495,0.7639218902451016,0
Rolling,skew_ratio_90_100,72,6m,rolling,rolling,-0.415,0.9952341922129065,0.15981118781552847,-0.103348,0.45123158912619804,0.619873698193565,0
Rolling,skew_ratio_90_100,120,6m,rolling,rolling,8.212,1.7812046392855125,0.037439513026134984,-0.059364,0.3183777472600806,0.4559734013396368,0
Rolling,skew_ratio_90_110,48,12m,rolling,rolling,5.734,1.4846432830009326,0.06881917168925075,-0.303524,0.23595144579171684,0.46493258330043513,0
Rolling,skew_ratio_90_110,60,12m,rolling,rolling,3.292,1.4548690369820647,0.07285276058953016,-0.284232,0.24116775919292743,0.46493258330043513,0
Rolling,skew_ratio_90_110,72,12m,rolling,rolling,4.652,1.5939068799886469,0.05547844662378354,-0.277104,0.22384891056501968,0.46493258330043513,0
Rolling,skew_ratio_90_110,120,12m,rolling,rolling,7.794,1.8423719982583873,0.03271037741128347,-0.280692,0.15700981157416066,0.44535423335338464,0
Rolling,skew_ratio_90_110,48,1m,rolling,rolling,-4.769,-2.565143724820419,0.9948433462410038,-0.001977,0.9999271463163794,0.9999271463163794,0
Rolling,skew_ratio_90_110,60,1m,rolling,rolling,-2.576,-2.652833022594622,0.9960090327036413,-8.07e-4,0.9999271463163794,0.9999271463163794,0
Rolling,skew_ratio_90_110,72,1m,rolling,rolling,-1.723,-2.0852504629469344,0.9814767142832157,0.00153,0.9999271463163794,0.9999271463163794,0
Rolling,skew_ratio_90_110,120,1m,rolling,rolling,-1.166,-1.991780733969278,0.9768024394929666,0.002536,0.9999271463163794,0.9999271463163794,0
Rolling,skew_ratio_90_110,48,3m,rolling,rolling,-7.184,-1.9253915149816672,0.972909801844256,-0.001138,0.9749849786839685,0.9999271463163794,0
Rolling,skew_ratio_90_110,60,3m,rolling,rolling,-1.05,-0.6368734980984073,0.7378963767038027,-6.95e-4,0.9749849786839685,0.9999271463163794,0
Rolling,skew_ratio_90_110,72,3m,rolling,rolling,-1.28,-0.8872469787676773,0.812527027673957,0.002332,0.9749849786839685,0.9999271463163794,0
Rolling,skew_ratio_90_110,120,3m,rolling,rolling,-0.571,-0.32982205157169586,0.629232787930424,0.001617,0.9749849786839685,0.9999271463163794,0
Rolling,skew_ratio_90_110,48,6m,rolling,rolling,-1.797,0.6320555191545778,0.26367529968999104,-0.138799,0.5386557311348193,0.7281139538098248,0
Rolling,skew_ratio_90_110,60,6m,rolling,rolling,0.692,1.4305612358885973,0.07627800194772764,-0.12948,0.3183777472600806,0.46493258330043513,0
Rolling,skew_ratio_90_110,72,6m,rolling,rolling,1.119,1.4325087637485971,0.07599913591754809,-0.121831,0.3183777472600806,0.46493258330043513,0
Rolling,skew_ratio_90_110,120,6m,rolling,rolling,1.471,1.5144060476889791,0.06496144317834515,-0.11654,0.3183777472600806,0.46493258330043513,0
Rolling,skew_ratio_90_120,48,12m,rolling,rolling,7.817,1.6373309698065392,0.050780666616762636,-0.222643,0.22384891056501968,0.46493258330043513,0
Rolling,skew_ratio_90_120,60,12m,rolling,rolling,3.276,2.102043864704021,0.01777471675324266,-0.207162,0.1006370638425591,0.2975356670127834,0
Rolling,skew_ratio_90_120,72,12m,rolling,rolling,-0.288,1.193912808834436,0.11625603826115971,-0.200248,0.3282523433256274,0.5378592613528352,0
Rolling,skew_ratio_90_120,120,12m,rolling,rolling,6.923,2.4246475197419723,0.007661628172125655,-0.197154,0.049034420301604195,0.1524645365662675,1
Rolling,skew_ratio_90_120,48,1m,rolling,rolling,-4.4,-2.9649046314631393,0.998486116121587,-0.005224,0.9999271463163794,0.9999271463163794,0
Rolling,skew_ratio_90_120,60,1m,rolling,rolling,-2.537,-3.3282658535815663,0.9995630578519865,-0.00397,0.9999271463163794,0.9999271463163794,0
Rolling,skew_ratio_90_120,72,1m,rolling,rolling,-1.988,-3.1673640288686333,0.999230861866067,-0.002442,0.9999271463163794,0.9999271463163794,0
Rolling,skew_ratio_90_120,120,1m,rolling,rolling,-1.459,-1.990456547756423,0.976729666978662,-0.003832,0.9999271463163794,0.9999271463163794,0
Rolling,skew_ratio_90_120,48,3m,rolling,rolling,-5.333,-1.7397674792860762,0.9590500724861099,-0.006573,0.9749849786839685,0.9999271463163794,0
Rolling,skew_ratio_90_120,60,3m,rolling,rolling,-1.617,-0.4680038143331148,0.6801090690004499,-0.007063,0.9749849786839685,0.9999271463163794,0
Rolling,skew_ratio_90_120,72,3m,rolling,rolling,-2.71,-1.5382174447429642,0.9380022714910508,-0.004965,0.9749849786839685,0.9999271463163794,0
Rolling,skew_ratio_90_120,120,3m,rolling,rolling,-0.369,0.11295128218969788,0.45503458956343684,-0.01187,0.9100691791268737,0.8960681148326142,0
Rolling,skew_ratio_90_120,48,6m,rolling,rolling,-0.668,1.2112608774704297,0.11289771880569295,-0.092956,0.4168531155902509,0.528691756358367,0
Rolling,skew_ratio_90_120,60,6m,rolling,rolling,0.071,1.4467506052644714,0.07398339277186308,-0.085947,0.3183777472600806,0.46493258330043513,0
Rolling,skew_ratio_90_120,72,6m,rolling,rolling,-1.749,0.7204751958331838,0.23561623317152708,-0.079097,0.5368680066926715,0.7124144373060346,0
Rolling,skew_ratio_90_120,120,6m,rolling,rolling,1.796,1.8217702315059874,0.03424492819766749,-0.080329,0.3183777472600806,0.44535423335338464,0
Rolling,skew_slope_quad,48,12m,rolling,rolling,-16.345,-1.4829833220812632,0.930960579033112,0.007799,0.930960579033112,0.9999271463163794,0
Rolling,skew_slope_quad,60,12m,rolling,rolling,-6.249,-0.5605720833093771,0.7124553564942543,0.035526,0.7749889791268928,0.9999271463163794,0
Rolling,skew_slope_quad,72,12m,rolling,rolling,1.888,0.8700856396680662,0.19212680241308946,0.073295,0.4554498933475391,0.6757117533050381,0
Rolling,skew_slope_quad,120,12m,rolling,rolling,-3.185,-0.2209494475253648,0.5874341024174491,0.129374,0.6794418533984953,0.9999271463163794,0
Rolling,skew_slope_quad,48,1m,rolling,rolling,-9.978,-1.33327872272292,0.9087798232577498,-0.021412,0.9999271463163794,0.9999271463163794,0
Rolling,skew_slope_quad,60,1m,rolling,rolling,-8.042,-1.0822038907490037,0.8604190299765897,-0.018626,0.9999271463163794,0.9999271463163794,0
Rolling,skew_slope_quad,72,1m,rolling,rolling,-6.965,-1.1169945655678648,0.8680016756006912,-0.013891,0.9999271463163794,0.9999271463163794,0
Rolling,skew_slope_quad,120,1m,rolling,rolling,-2.606,-0.9769072092073037,0.8356924538004239,-0.005627,0.9999271463163794,0.9999271463163794,0
Rolling,skew_slope_quad,48,3m,rolling,rolling,-9.283,-1.404084810766633,0.9198532019521564,-0.075388,0.9749849786839685,0.9999271463163794,0
Rolling,skew_slope_quad,60,3m,rolling,rolling,-5.869,-0.7645625681377493,0.7777339670683694,-0.067746,0.9749849786839685,0.9999271463163794,0
Rolling,skew_slope_quad,72,3m,rolling,rolling,-4.927,-0.6807053575447962,0.7519710271777225,-0.054656,0.9749849786839685,0.9999271463163794,0
Rolling,skew_slope_quad,120,3m,rolling,rolling,-0.023,0.3215567190807985,0.37389426840349316,-0.027372,0.8377393482545605,0.8392183372290132,0
Rolling,skew_slope_quad,48,6m,rolling,rolling,-17.968,-0.9048935249208504,0.8172391011548125,-0.11562,0.9399974897192711,0.9999271463163794,0
Rolling,skew_slope_quad,60,6m,rolling,rolling,-17.733,-1.1737658671216573,0.8797555903746193,-0.094679,0.9399974897192711,0.9999271463163794,0
Rolling,skew_slope_quad,72,6m,rolling,rolling,-14.01,-1.365857980714306,0.9140082281895285,-0.06356,0.9399974897192711,0.9999271463163794,0
Rolling,skew_slope_quad,120,6m,rolling,rolling,-0.645,0.003090148162042838,0.4987672112074432,-0.015135,0.7392483939032289,0.9252493193413439,0
Rolling,vix_ann,48,12m,rolling,rolling,-7.475,0.6006161238131162,0.2740478480938986,0.54879,0.4964747201128546,0.7281139538098248,0
Rolling,vix_ann,60,12m,rolling,rolling,-10.047,0.29903604010475643,0.3824562734767638,0.535141,0.5399382684377843,0.8392183372290132,0
Rolling,vix_ann,72,12m,rolling,rolling,-6.663,0.3081780825226069,0.3789734145006316,0.521463,0.5399382684377843,0.8392183372290132,0
Rolling,vix_ann,120,12m,rolling,rolling,2.31,0.6448034266449802,0.2595272905274147,0.458507,0.4885219586398394,0.7281139538098248,0
Rolling,vix_ann,48,1m,rolling,rolling,-17.204,-1.0350049050435994,0.8496666897515824,0.091844,0.9999271463163794,0.9999271463163794,0
Rolling,vix_ann,60,1m,rolling,rolling,-7.811,-0.6161791916258345,0.7311118698443193,0.088351,0.9999271463163794,0.9999271463163794,0
Rolling,vix_ann,72,1m,rolling,rolling,-7.279,-0.580234570634482,0.7191217782340049,0.079679,0.9999271463163794,0.9999271463163794,0
Rolling,vix_ann,120,1m,rolling,rolling,-0.903,0.25702277264056406,0.39858059671921986,0.056802,0.9999271463163794,0.8647172267806804,0
Rolling,vix_ann,48,3m,rolling,rolling,-19.236,-0.6280663303330806,0.7350197557072825,0.211243,0.9749849786839685,0.9999271463163794,0
Rolling,vix_ann,60,3m,rolling,rolling,1.549,1.3879102474113034,0.08258218852429315,0.222303,0.46632194697509116,0.47330687154221746,0
Rolling,vix_ann,72,3m,rolling,rolling,3.099,1.402745508421841,0.08034637075230325,0.21328,0.46632194697509116,0.47330687154221746,0
Rolling,vix_ann,120,3m,rolling,rolling,4.64,1.2621105202110956,0.10345451012816251,0.167474,0.46632194697509116,0.5029104910036266,0
Rolling,vix_ann,48,6m,rolling,rolling,-12.636,0.20393558005501478,0.4192019202232464,0.350389,0.7060242866917834,0.8791151922001155,0
Rolling,vix_ann,60,6m,rolling,rolling,-5.925,0.5979433616781126,0.27493886276673074,0.363383,0.5386557311348193,0.7281139538098248,0
Rolling,vix_ann,72,6m,rolling,rolling,-4.732,0.4892491795318338,0.3123326478345858,0.357901,0.565734607398495,0.7639218902451016,0
Rolling,vix_ann,120,6m,rolling,rolling,4.75,0.9216111329873433,0.1783657246506579,0.316492,0.47564193240175434,0.6523089358652632,0
Rolling,wing_curve,48,12m,rolling,rolling,-9.167,0.6567574995986988,0.2556684279076022,-0.006295,0.4885219586398394,0.7281139538098248,0
Rolling,wing_curve,60,12m,rolling,rolling,-9.399,0.5995892907812868,0.2743899930266242,-0.006017,0.4964747201128546,0.7281139538098248,0
Rolling,wing_curve,72,12m,rolling,rolling,-6.369,0.6592428880733457,0.2548699051661659,-0.006024,0.4885219586398394,0.7281139538098248,0
Rolling,wing_curve,120,12m,rolling,rolling,6.41,1.6168404522415698,0.05295636248279048,-0.008338,0.22384891056501968,0.46493258330043513,0
Rolling,wing_curve,48,1m,rolling,rolling,-10.053,-1.34245141170879,0.9102751627219775,-3.88e-4,0.9999271463163794,0.9999271463163794,0
Rolling,wing_curve,60,1m,rolling,rolling,-7.085,-1.1615808499501925,0.8772971177434604,-1.87e-4,0.9999271463163794,0.9999271463163794,0
Rolling,wing_curve,72,1m,rolling,rolling,-5.274,-0.7144446856326814,0.7625238756761732,-1.91e-4,0.9999271463163794,0.9999271463163794,0
Rolling,wing_curve,120,1m,rolling,rolling,0.073,0.7547503286704427,0.22519940119884463,-0.001015,0.9999271463163794,0.7124144373060346,0
Rolling,wing_curve,48,3m,rolling,rolling,-18.494,-0.4893869088287748,0.6877160987694548,-0.002488,0.9749849786839685,0.9999271463163794,0
Rolling,wing_curve,60,3m,rolling,rolling,-14.803,-0.5544701824801802,0.7103714467276091,-0.001867,0.9749849786839685,0.9999271463163794,0
Rolling,wing_curve,72,3m,rolling,rolling,-8.553,0.15469679792444016,0.43853017724572424,-0.001782,0.9100691791268737,0.8923546445416316,0
Rolling,wing_curve,120,3m,rolling,rolling,1.68,1.4972040450124724,0.0671700865904951,-0.002865,0.46632194697509116,0.46493258330043513,0
Rolling,wing_curve,48,6m,rolling,rolling,-19.407,-0.4277676060122423,0.6655898381916349,-0.004933,0.8874531175888465,0.9999271463163794,0
Rolling,wing_curve,60,6m,rolling,rolling,-18.791,-0.3799679342778698,0.6480153910344928,-0.003761,0.8765213780119819,0.9999271463163794,0
Rolling,wing_curve,72,6m,rolling,rolling,-8.851,0.27718407193164085,0.390819384703218,-0.00319,0.6821574714819805,0.8526968393524755,0
Rolling,wing_curve,120,6m,rolling,rolling,2.864,1.4772317510728936,0.06980676271240227,-0.004145,0.3183777472600806,0.46493258330043513,0
Rolling,wing_slope,48,12m,rolling,rolling,-17.526,-1.467392649006975,0.9288653634786932,0.03163,0.930960579033112,0.9999271463163794,0
Rolling,wing_slope,60,12m,rolling,rolling,-4.249,-0.10162306374047793,0.5404720639982004,0.066895,0.6405594832571263,0.9653082445363206,0
Rolling,wing_slope,72,12m,rolling,rolling,2.879,1.122880472758135,0.13074413095488913,0.106115,0.3486510158797043,0.5705198441667889,0
Rolling,wing_slope,120,12m,rolling,rolling,-2.839,0.022309135882952923,0.4911006806580882,0.16104,0.5967805739642591,0.9154498124888635,0
Rolling,wing_slope,48,1m,rolling,rolling,-9.152,-1.5132291783645397,0.934889272492724,-0.02231,0.9999271463163794,0.9999271463163794,0
Rolling,wing_slope,60,1m,rolling,rolling,-7.722,-1.1312440173673461,0.8710238000444432,-0.018441,0.9999271463163794,0.9999271463163794,0
Rolling,wing_slope,72,1m,rolling,rolling,-6.482,-1.221029189011657,0.888962515834964,-0.013173,0.9999271463163794,0.9999271463163794,0
Rolling,wing_slope,120,1m,rolling,rolling,-1.942,-1.0339136323215783,0.8494117293079942,-0.002179,0.9999271463163794,0.9999271463163794,0
Rolling,wing_slope,48,3m,rolling,rolling,-11.406,-1.9003134799593384,0.9713040033021818,-0.06777,0.9749849786839685,0.9999271463163794,0
Rolling,wing_slope,60,3m,rolling,rolling,-7.508,-1.5092814707782314,0.9343865660916563,-0.055951,0.9749849786839685,0.9999271463163794,0
Rolling,wing_slope,72,3m,rolling,rolling,-5.944,-1.3927736707115304,0.9181558786602935,-0.041461,0.9749849786839685,0.9999271463163794,0
Rolling,wing_slope,120,3m,rolling,rolling,-0.67,-0.3040290345907194,0.6194471144432695,-0.010107,0.9749849786839685,0.9999271463163794,0
Rolling,wing_slope,48,6m,rolling,rolling,-20.982,-1.215287955635059,0.8878718579929711,-0.103486,0.9399974897192711,0.9999271463163794,0
Rolling,wing_slope,60,6m,rolling,rolling,-18.928,-1.4078631971178743,0.920414208683453,-0.075694,0.9399974897192711,0.9999271463163794,0
Rolling,wing_slope,72,6m,rolling,rolling,-14.356,-1.620156762198065,0.9474006966203352,-0.042247,0.9474006966203352,0.9999271463163794,0
Rolling,wing_slope,120,6m,rolling,rolling,-0.469,0.05274122770964812,0.47896904487886893,0.011547,0.7392483939032289,0.9060301144506683,0
